"","dropoff_longitude","dropoff_latitude"
"1",-73.98166614405,40.7583527160751
"2",-74.0022914875445,40.7450668149466
"3",-73.9499461473684,40.7690743684211
"4",-73.9996505913622,40.7338500498339
"5",-73.9821055220588,40.7696708088235
"6",-73.9520742837838,40.7842892635135
"7",-73.9863810321428,40.7266529035714
"8",-73.9567721022364,40.7628557955271
"9",-73.9815275503876,40.7634765658915
"10",-73.9682651690141,40.7849347887324
"11",-73.9810683211008,40.7554809541284
"12",-73.9993179652997,40.7440301955836
"13",-73.9515974189189,40.8047779639639
"14",-73.9982285887574,40.7608426923077
"15",-73.9832087330754,40.7561512746615
"16",-73.9545224767858,40.7778941714286
"17",-73.953112569343,40.7741239343066
"18",-73.9565280206422,40.7098137477064
"19",-73.9953768207071,40.7336895707071
"20",-73.9823792356902,40.748604
"21",-73.9816712900001,40.7645959633334
"22",-73.9469174941176,40.7725304117647
"23",-73.9953866111111,40.7596604007936
"24",-73.9841270046729,40.7510544485981
"25",-73.9250499261602,40.7439355400844
"26",-73.9908970367847,40.750672660763
"27",-73.9821530171822,40.7712788075601
"28",-73.8222801212121,40.5857619090909
"29",-73.956586423611,40.7810432013889
"30",-73.9831955860215,40.7793756075269
"31",-73.984200498008,40.7458552031873
"32",-74.0001613307393,40.7349800933852
"33",-73.460231,40.7672935
"34",-69.8895651538462,41.6672996153846
"35",-73.955463338843,40.8203474710743
"36",-73.8241712994013,40.7125906137724
"37",-73.9409775394089,40.7513786871921
"38",-73.9892595795053,40.7508062261484
"39",-73.9631223480663,40.7944487513812
"40",-73.9737759929824,40.7529247298245
"41",-73.834509258427,40.8693709438202
"42",-74.005419281106,40.7279280645161
"43",-73.9721185904139,40.7597665315904
"44",-73.9952209852941,40.741881382353
"45",-73.9688805413223,40.7860852892562
"46",-74.0033793512931,40.7321531228448
"47",-73.9791018287671,40.7473619041096
"48",-73.9505264807691,40.6749912788461
"49",-73.9511170596492,40.7775953122807
"50",-73.9908395539906,40.7535062018779
"51",-73.976250884984,40.7562589584664
"52",-73.9781863511293,40.7458343737166
"53",-73.95380246,40.7669681316667
"54",-73.7334403289473,40.616141
"55",-73.9533215858123,40.7886634233409
"56",-73.9854359901721,40.7386060540541
"57",-73.9973726537395,40.692575534626
"58",-73.982330356021,40.7555342984294
"59",-73.9669889825917,40.7571897059961
"60",-74.0002843365384,40.7556884423077
"61",-73.9758700957746,40.7554917211268
"62",-73.9790505198939,40.7668695676393
"63",-73.9923782879177,40.7436451979434
"64",-73.9775353927273,40.7596136036364
"65",-73.9751654885321,40.7553584518349
"66",-73.990855529661,40.7016003580508
"67",-73.9774155136778,40.7790765167173
"68",-73.9724330123711,40.7622865773196
"69",-73.9677377188756,40.7523909638554
"70",-73.9474181831683,40.7629814405941
"71",-73.9578745257143,40.7733127685714
"72",-73.902179480226,40.7039400734463
"73",-73.9332064204082,40.8544319489796
"74",-73.986998248227,40.7579045531915
"75",-73.9530437487685,40.7858064285714
"76",-73.9905237556818,40.7441280454545
"77",-73.991653715499,40.7444017855626
"78",-73.9894556503496,40.7542094195804
"79",-73.988893092,40.74445944
"80",-74.0074478198199,40.7155602387387
"81",-73.9499325524476,40.7878594685315
"82",-74.0062488639053,40.7063050473373
"83",-73.9767619527273,40.75177464
"84",-73.9553190572082,40.7769422059497
"85",-73.9836451557971,40.7586813115942
"86",-73.998093436,40.717131824
"87",-73.9706255087719,40.7623505578947
"88",-73.9460744147157,40.823472826087
"89",-73.9893608601134,40.7263752192817
"90",-73.9727596856287,40.6874121167665
"91",-73.9877592119565,40.7383986929348
"92",-73.9862634266666,40.7543933111111
"93",-73.9876829648242,40.7595556432161
"94",-73.9671016162161,40.7605343747747
"95",-73.9612448599221,40.7667736031129
"96",-74.008170512931,40.7359674267241
"97",-74.0080658271605,40.7231192510288
"98",-73.977936,1799.7878
"99",-73.9567555544304,40.7713864683544
"100",-73.9954045350554,40.7250839225092
"101",-73.9623204418146,40.7675487633136
"102",-73.9833025357143,40.7819650095238
"103",-73.9933705566406,40.7523350078125
"104",-74.003724972973,40.728559990991
"105",-74.0093651927083,40.72419878125
"106",-73.9010234507042,40.9074099577465
"107",-96.616669,40.878441
"108",-73.9905692644927,40.7499946739131
"109",-74.0068127668269,40.7414125408654
"110",-73.9749367920228,40.7585511196581
"111",-73.9790320035971,40.785032705036
"112",-73.9976904438041,40.736313074928
"113",-73.9388224965517,40.7914304206897
"114",-73.9880004373831,40.7411686803738
"115",-73.9422617937499,40.79438043125
"116",-73.9730300735587,40.7585418548707
"117",-73.9442724188034,40.6637031709402
"118",-73.9969499071038,40.7271188743169
"119",-73.9896824814815,40.7722942798354
"120",-74.0099257625273,40.7052715272331
"121",-74.0065691985294,40.7206123897059
"122",-73.9718673037543,40.7563342320819
"123",-73.9201793426573,40.7023924685315
"124",-73.9929865402985,40.7339057164179
"125",-73.9549492208202,40.7861681451104
"126",-73.9958765172413,40.7590693965517
"127",-73.9863412672176,40.7518339421488
"128",-73.9542450735294,40.6847487941176
"129",-74.000870375,40.7275250069445
"130",-73.9821928697183,40.774953915493
"131",-73.991207510989,40.7602969917582
"132",-73.9903037272727,40.7315899363636
"133",-73.9971229516441,40.721964860735
"134",-73.9818039089068,40.7684348582996
"135",-73.9974115520833,40.73347196875
"136",-73.9886887597088,40.6941061674758
"137",-73.9910100936709,40.751206721519
"138",-73.955494017341,40.7340681445087
"139",-74.003894489796,40.7254333819242
"140",-73.9604145826086,40.7713257217391
"141",-73.9966998111703,40.7372398271276
"142",-73.9725726264706,40.7533396970588
"143",-73.9885030546623,40.7344582475884
"144",-73.9873621792452,40.7604538176101
"145",-73.9766288552631,40.6700340372807
"146",-73.992177295699,40.7453223387097
"147",-73.9749435871122,40.7928781097852
"148",-73.9816776592798,40.773582498615
"149",-73.9886091396761,40.7691985465587
"150",-73.9827257067961,40.6749828213592
"151",-73.9939685088968,40.7329058825623
"152",-73.991639848624,40.7490254357798
"153",-74.0115582361702,40.7080166340426
"154",-73.9714989617021,40.7950863978724
"155",-73.951975967742,40.7986153870968
"156",-73.9989160611111,40.7602334
"157",-73.9927678049646,40.7478112092199
"158",-73.9881771256282,40.7194170678392
"159",-74.00684725,40.7193466367187
"160",-73.9985402666666,40.7202587492063
"161",-74.0128906168224,40.7068199439252
"162",-73.9935123629893,40.6634187544484
"163",-73.9926704940711,40.7408312924901
"164",-73.9741190190114,40.7834940304183
"165",-73.9562025300752,40.7738489774436
"166",-74.0016545867768,40.7227837933884
"167",-73.9880538937823,40.7490691217617
"168",-74.0028015543071,40.7337802902622
"169",-73.9739804836796,40.7795247121662
"170",-73.9827398765061,40.7510704487951
"171",-73.9912619882353,40.7331291576471
"172",-73.9793871011674,40.7716282178989
"173",-73.9888155103448,40.7453819448276
"174",-73.9694342586957,40.7636077782608
"175",-73.9859901258278,40.731024615894
"176",-73.986542018116,40.7336809818841
"177",-73.9582770869565,40.781565342711
"178",-74.007592258216,40.7254579624413
"179",-73.9546392617187,40.7697401289062
"180",-73.9725049478828,40.6940248078176
"181",-73.9767362648221,40.7627528774703
"182",-73.9931726162362,40.7280023542435
"183",-73.9795902560647,40.7463524447439
"184",-73.9549756576819,40.7793745768194
"185",-73.9950304077135,40.7276299476584
"186",-73.974210373494,40.7887500160642
"187",-73.9397478415842,40.8050838873762
"188",-73.9776204315246,40.763611126615
"189",-74.0096872885572,40.7261663482587
"190",-73.9879458041957,40.7478248356643
"191",-73.9650187142858,40.7576428761905
"192",-73.9800426959064,40.7672084678363
"193",-73.9771235432527,40.7561061418685
"194",-73.988154532353,40.7460457
"195",-73.9885028045977,40.7644023409962
"196",-73.9819974988505,40.7363004758621
"197",-73.986388812,40.76691988
"198",-73.9718405908096,40.7628945317287
"199",-73.9856805119047,40.718890765873
"200",-73.9763264022989,40.7883353908046
"201",-73.9647087579366,40.7753563373016
"202",-73.9926324521739,40.7583530608696
"203",-73.8728324270833,40.7147674479166
"204",-73.9588675144628,40.7806810165289
"205",-73.9808130306406,40.7478419052925
"206",-73.9656204673685,40.8063239810526
"207",-73.9609793498098,40.7578981406844
"208",-73.9908320198676,40.7589467880795
"209",-1.10199424122854e-05,0.000807294422523195
"210",-73.9926609723757,40.7462792209945
"211",-73.9846339738903,40.7542240887729
"212",-74.0012550308057,40.7363237203792
"213",-73.9782487785467,40.7664844602076
"214",-73.9743619754098,40.7592074590164
"215",-73.9696518434163,40.7899118790036
"216",-73.9323877029478,40.6999760181406
"217",-73.9556758737541,40.7850551661129
"218",-73.9738779353612,40.7917532091255
"219",-73.9815874285715,40.7661577593985
"220",-73.969150971519,40.7663394462025
"221",-73.9590774864341,40.7748249670543
"222",-73.9661354,40.7679655860465
"223",-73.9752505657142,40.74976812
"224",-73.9498584768684,40.7803735088968
"225",-73.9812620635965,40.7592096864035
"226",-73.9574206719101,40.7743584898876
"227",-73.9789033195876,40.7490695773196
"228",-74.0085075053533,40.7035131905782
"229",-73.9907569957082,40.7345880493563
"230",-73.9445080068728,40.7913585326461
"231",-73.9844477706422,40.7429066440367
"232",-73.9724801603054,40.7591059446564
"233",-74.0000660531914,40.6769631347518
"234",-73.9860860110905,40.7402962384473
"235",-73.9584759096045,40.7757710677966
"236",-73.9812369161074,40.7471694194631
"237",-73.9753142147972,40.7414306968973
"238",-73.9807081464088,40.7534188839779
"239",-73.9764971576087,40.7530455108695
"240",-73.9447092925373,40.801001558209
"241",-73.9916088689655,40.7314798068965
"242",-73.9574427186441,40.7700746881356
"243",-73.9551335880597,40.7733500716418
"244",-73.9770111743421,40.7435425460526
"245",-73.9812839753087,40.7248367160494
"246",-73.9908288829269,40.7559301544716
"247",-73.9836630206186,40.7735817216495
"248",-73.9831157557253,40.741838437659
"249",-73.8110407619048,40.9330271190476
"250",-73.9803024626506,40.7388649277108
"251",-73.9659791168831,40.7839188051948
"252",-73.9814195591715,40.7809109763314
"253",-73.9758486376812,40.7489338140097
"254",-73.9838437063953,40.7651162906977
"255",-73.9790171215597,40.7560663555046
"256",-73.9989359463415,40.749856195122
"257",-73.9560925557768,40.7677491673307
"258",-73.9574896993007,40.7766654055944
"259",-73.9534627247191,40.7649781741573
"260",-73.9934220185759,40.7189281733746
"261",-74.0065481621622,40.731735372973
"262",-73.998638877551,40.7248091690962
"263",-73.9751125075757,40.7851847878788
"264",-73.9618350619835,40.7704248677686
"265",-73.9931880413793,40.7394262655172
"266",-73.9927265190839,40.7321920839695
"267",-73.9769086400778,40.7644964591439
"268",-73.9784891087613,40.7366573836858
"269",-73.982434625,40.7757886574074
"270",-73.9958255081967,40.7643748327869
"271",-74.010840060606,40.7296346666667
"272",-73.9769970810811,40.7712079054054
"273",-73.9541451840194,40.7635651113801
"274",-73.9685666336336,40.7574095675676
"275",-73.9738142423698,40.7646531328546
"276",-73.9555588510028,40.8053503724928
"277",-73.8982163643411,40.7261740852713
"278",-73.8695741472868,40.7326494418605
"279",-73.983444365651,40.7659821468144
"280",-73.9693610076923,40.7520417307692
"281",-74.0057993324607,40.7378429267016
"282",-73.9679060052083,40.6121318020833
"283",-73.9768367797619,40.7826434821429
"284",-73.9777982105263,40.7624360890689
"285",-73.9964408333333,40.7108348111111
"286",-73.9803898531188,40.7838846921529
"287",-73.9935817380953,40.7418519261905
"288",-73.9763008678678,40.7598988438438
"289",-73.8613627369641,40.7682345388181
"290",-73.9896963296295,40.7522534907407
"291",-73.9728106530612,40.7985226173469
"292",-74.0067305850622,40.7081040497925
"293",-73.9724763786407,40.7512778786408
"294",-73.9821228690745,40.757449751693
"295",-73.9808011534091,40.7731073295454
"296",-73.9801774079755,40.7454677668711
"297",-73.9618960661765,40.7807665477941
"298",-73.9611371703163,40.7777381143552
"299",-74.0498000333334,40.7915963666667
"300",-73.9762396476191,40.7655392642857
"301",-73.9838542089552,40.7600623383084
"302",-73.9802084132232,40.770526231405
"303",-73.9548453661417,40.7806877677165
"304",-73.9545995427135,40.7742804773869
"305",-73.9787060273224,40.7650145
"306",-73.9516399964789,40.8244917077465
"307",-73.9892916738198,40.7437164849785
"308",-73.9517298851064,40.7736807531915
"309",-73.9855597821012,40.7412980272374
"310",-74.0020373356401,40.7194347197232
"311",-73.964372065134,40.7703893908046
"312",-73.980406923913,40.7656226086956
"313",-77.4327926666667,33.1131146666667
"314",-73.8946221379311,40.8660347093596
"315",-73.9630465263158,40.7622606210526
"316",-74.0088225323741,40.7292543669065
"317",-73.980064341629,40.7429600135747
"318",-73.9852277549019,40.7514155882353
"319",-73.9497385675057,40.7720314233409
"320",-73.9731461417722,40.7577260886076
"321",-74.0032915296053,40.7177423289474
"322",-73.9901969689034,40.7565776072014
"323",-74.0098207474748,40.7349682929293
"324",-74.0015250925926,40.7261300820106
"325",-73.9795692740741,40.7441274469136
"326",-73.9657109526185,40.8006267880299
"327",-73.9606137293869,40.6734607272727
"328",-73.9885971284047,40.7391145758755
"329",-74.0071294113474,40.7349181914894
"330",-73.9901966981707,40.7516198292683
"331",-74.1850788965517,40.8697812758621
"332",-73.9946639849624,40.7229161729323
"333",-73.9633034386792,40.7641180849057
"334",-73.9474009774775,40.693545036036
"335",-73.9168561592592,40.7669596759259
"336",-73.9854950970874,40.7441622071197
"337",-73.9719647864078,40.7540960809062
"338",-73.9994937149999,40.76122699
"339",-73.9848986174142,40.768542060686
"340",-73.989560198556,40.7472916642599
"341",-73.9666432017544,40.7657574122807
"342",-73.9975807565632,40.7243360787589
"343",-73.989106373444,40.7633201950208
"344",-73.9610021531531,40.7750242042042
"345",-73.9856252735043,40.7731348803419
"346",-73.9618292671756,40.7562344656489
"347",-73.9844455813449,40.748705494577
"348",-73.9538158675676,40.7848702972973
"349",-73.9681036652174,40.7679657826087
"350",-73.969859238806,40.7629726503198
"351",-73.9936675378788,40.5995274090909
"352",-73.9738854353742,40.7438647891156
"353",-73.9985464597221,40.7230300333333
"354",-73.9798671612904,40.7520673064516
"355",-74.0020450881612,40.7247109269521
"356",-458.38333,40.739986
"357",-74.0102894832214,40.7132974932886
"358",-73.9763958766234,40.7858735454545
"359",-73.9828680494382,40.7667616202247
"360",-73.9747413215189,40.7619526658228
"361",-73.9702756859123,40.7592992240184
"362",-73.982688048,40.777155876
"363",-74.0029596413934,40.7490297868853
"364",-73.862770093596,40.7675444162562
"365",-73.9790786068376,40.7797665982906
"366",-73.9380943129771,40.7989507709924
"367",-74.2543045454545,40.5516136590909
"368",-73.9869996619386,40.7493704160756
"369",-73.9786201104972,40.7448502154696
"370",-73.9734630271084,40.7898792921687
"371",-73.9665189470468,40.8043234623218
"372",-73.9851593378379,40.756565625
"373",-73.9687526801347,40.7912192929293
"374",-73.993030383592,40.7371104678492
"375",-73.9451001157025,40.7750997066116
"376",-73.9524307202642,40.7780354735683
"377",-74.0048061866198,40.7231261901408
"378",-73.9802108938678,40.7606232311321
"379",-73.9502945278969,40.7757665965666
"380",-73.9792019860335,40.7543940810056
"381",-73.9826706608696,40.7641635623189
"382",-74.0060083108808,40.7346472020725
"383",-73.9688359356725,40.7541502309941
"384",-73.9521098720379,40.8188748578199
"385",-73.9777191147541,40.7341656721311
"386",-73.9856874789579,40.6668357274549
"387",-73.9675344551495,40.7689159036544
"388",-74.0087371784233,40.7163201369294
"389",-73.994070788793,40.7616157327586
"390",-74.003800460606,40.7137267454545
"391",-74.00441134375,40.7213926992187
"392",-73.9818483041958,40.7564226643357
"393",-73.9772252005277,40.7198828126649
"394",-73.970079925072,40.7646924293948
"395",-73.9726086080247,40.7491030339507
"396",-73.9716153773987,40.7603634264392
"397",-73.9690149712231,40.7969012302159
"398",-73.9507210071598,40.7712009260143
"399",-74.0003526428571,40.7430260555556
"400",-73.9915510824469,40.7498887207447
"401",-73.980091145098,40.7561172823529
"402",-74.0055767022653,40.7272472038835
"403",-73.9772248571429,40.7660475502645
"404",-73.9666811783625,40.75309374269
"405",-73.974651513072,40.7420205849673
"406",-73.9845750052631,40.7469680789474
"407",-73.9926304670051,40.7354992791878
"408",-73.9542450364583,40.800736875
"409",-73.9881764937108,40.7568777138364
"410",-73.9788588722742,40.7533580186916
"411",-73.9596692594595,40.7767950567568
"412",-74.0007535308219,40.7179519006849
"413",-73.980903624424,40.7745162004609
"414",-74.0919753125,40.9801104375
"415",-73.9787590530613,40.7506985469387
"416",-73.7136003831169,40.7516014805195
"417",-73.9962392537594,40.7323673533835
"418",-73.97520490625,40.745877246875
"419",-73.9604838090552,40.7758197755906
"420",-73.9821636104652,40.7627785620155
"421",-73.9721598548387,40.7436307580645
"422",-73.9738729490616,40.7580117828419
"423",-73.9651273802281,40.7595907243346
"424",-73.9782827673862,40.7238283908873
"425",-74.1027606428572,40.8409717857143
"426",-73.9941347667732,40.6811543258786
"427",-73.9673162905199,40.7665925045871
"428",-73.9912736470588,40.7550836361656
"429",-73.9910809349594,40.7452623604336
"430",-74.0104774,40.7189793208334
"431",-73.9513480184049,40.7699354509202
"432",-73.9918566837607,40.755790525641
"433",-73.9849603240507,40.7480091063291
"434",-74.0005998121547,40.7582398766114
"435",-73.9564469447005,40.7841765460829
"436",-73.9689338319783,40.7608471626016
"437",-73.9476865488126,40.7467585751979
"438",-73.9497086,40.7093944691358
"439",-73.9622899874055,40.7733194760706
"440",-73.9757423285025,40.7604715724637
"441",-74.0013449148148,40.7395183555556
"442",-73.9715947444444,40.7875643388889
"443",-73.9579843138686,40.6914163284671
"444",-73.9481263703704,40.774699974359
"445",-73.9793845477815,40.7527202167235
"446",-73.9544616197531,40.7292140222222
"447",-74.0041826885246,40.7275505901639
"448",-73.9826546206897,40.7582202112069
"449",-73.9697831448087,40.7532051502732
"450",-73.9412032291666,40.7987148333333
"451",-73.9939892572614,40.7435507468879
"452",-73.9816881764706,40.7326846832579
"453",-73.9988115212464,40.7341827847025
"454",-73.9559159568035,40.7819395442764
"455",-73.9597975611814,40.773864407173
"456",-73.9871896921119,40.7389408625955
"457",-73.9746434319249,40.7547247699531
"458",-73.9989807345361,40.7549070438145
"459",-74.0094805765597,40.7108581077504
"460",-73.8721588237288,40.7715560881356
"461",-73.9915146088083,40.7705432901555
"462",-73.9701904012739,40.7505883503185
"463",-74.0083843080808,40.7339598232323
"464",-73.9820833709199,40.7516188427299
"465",-74.0114588715954,40.7143926186771
"466",-73.9628650266667,40.7752624666667
"467",-73.9855688520901,40.7678744180064
"468",-73.9543860653594,40.7658756732026
"469",-73.9848027619047,40.7527439761905
"470",-74.0035436571429,40.7060897
"471",-74.0058609057239,40.7147976329966
"472",-74.0027406348993,40.7603991248322
"473",-73.9997251278195,40.7536734511278
"474",-73.9996603475784,40.7385738831908
"475",-73.9593410289256,40.816628822314
"476",-73.9748894325154,40.730333708589
"477",-73.9948327604457,40.7604629610028
"478",-73.979782,40.7507965141243
"479",-73.8821735860215,40.7411812634409
"480",-73.9920369396752,40.7384812807425
"481",-74.0150935268817,40.7158018709677
"482",-73.9688483649635,40.7936393211679
"483",-73.9938129598214,40.7383494821429
"484",-73.987290025974,40.7254196320347
"485",-73.9990924100719,40.7395610035971
"486",-73.9810147089947,40.7694492275132
"487",-73.9934237777778,40.729694037037
"488",-73.9834863291667,40.7526393833333
"489",-73.998733382353,40.8990918823529
"490",-73.9821258179272,40.7704436778711
"491",-73.9873766272494,40.7210022107969
"492",-73.9780311463415,40.7572235853658
"493",-73.9619734944237,40.7792233327138
"494",-73.955268605598,40.7828613765903
"495",-73.9787556577061,40.7623749713262
"496",-73.9886977804154,40.7367122492582
"497",-74.0099571081081,40.7321058513514
"498",-74.0103811030303,40.7173429151515
"499",-74.007257309375,40.727201178125
"500",-73.9966541984733,40.7196361717558
"501",-73.9888521066997,40.6882407096774
"502",-73.9831739621381,40.6942841069042
"503",-73.9529363333333,40.8088727017544
"504",-73.9577140612691,40.7824151115974
"505",-73.9558117157192,40.7641905618729
"506",-73.9669106961651,40.710372840708
"507",-73.9486818249159,40.8027268720539
"508",-74.0288893773585,40.7551064716981
"509",-73.9422786956522,40.7231885446224
"510",-73.9588549887641,40.7680172303371
"511",-73.9718808611112,40.7453581111111
"512",-73.9706709812834,40.7582967192513
"513",-73.9640895804196,40.7564063706293
"514",-73.976456807317,40.7256793731707
"515",-73.9356056006494,40.8034469805195
"516",-73.9919861789138,40.7642243450479
"517",-73.9896808029556,40.7394595369458
"518",-73.959194303905,40.7636123514431
"519",-74.0068757363345,40.7303511543408
"520",-73.9559557826087,40.7788444534161
"521",-73.826681967033,40.7820116373626
"522",-73.9719399038462,40.7843084903846
"523",-73.9841995769231,40.7334016105769
"524",-73.8021717291667,40.66656059375
"525",-73.9867592879257,40.7455742879257
"526",-73.9600702650862,40.7624528038793
"527",-73.7993713004292,40.7097148025751
"528",-73.9803511616766,40.7513848143713
"529",-73.9835179548693,40.7610734893112
"530",-73.9767970812722,40.754195024735
"531",-73.8240910394737,40.8323786315789
"532",-73.9681732462908,40.7551890682493
"533",-73.9751223120301,40.7597383082707
"534",-74.0014468336107,40.7561866622296
"535",-73.9634479066667,40.7576240746667
"536",-73.9810007859922,40.7610740038911
"537",-73.973642835,40.787139405
"538",-73.9686686966967,40.7588470930932
"539",-73.9807054219269,40.7649697807309
"540",-74.0016513740458,40.733475
"541",-73.9959164841498,40.7265058933718
"542",-73.982056815261,40.7720043855422
"543",-73.9810091449704,40.7447810355029
"544",-73.9640781548975,40.773574261959
"545",-73.9979673493151,40.7377732534247
"546",-73.9935585909091,40.7469651256684
"547",-73.9899024139073,40.7384255397351
"548",-73.9729504267516,40.7525109522293
"549",-73.9768862739362,40.7759685345745
"550",-73.9831905,40.7477477391304
"551",-73.9777119123376,40.7546235681818
"552",-73.9493541353712,40.7771053537118
"553",-74.008511009375,40.7201819125
"554",-73.9650106628441,40.7553744701835
"555",-73.9532074776119,40.771545261194
"556",-73.9962652015503,40.7405310968993
"557",-73.870718952421,40.7736797145285
"558",-73.9570655019763,40.7683117193676
"559",-74.0094660272728,40.7147667727273
"560",-73.9808808960674,40.7822500393259
"561",-73.9983145435685,40.7351891742739
"562",-73.9785670729927,40.7580106021898
"563",-73.9461020996441,40.8355066441281
"564",-74.0034694058577,40.7419015648536
"565",-73.9667163931298,40.7672810496183
"566",-73.9921806979167,40.7507188802083
"567",-73.9680855121951,40.7707864243902
"568",-73.9850499437751,40.7420830160643
"569",-73.9993320265486,40.7283084159292
"570",-73.9842548870432,40.7631949601329
"571",-73.9768655802469,40.7800896481481
"572",-74.0012927993366,40.746494053068
"573",-73.9856682183098,40.775650528169
"574",-73.9906107601626,40.7460168577236
"575",-73.9838277807018,40.7755442850877
"576",-73.9880136619217,40.7322576334519
"577",-73.9742413076922,40.7602008262108
"578",-74.0110909625,40.7160974125
"579",-73.9677311444142,40.8028204141689
"580",-73.9878053219955,40.7701931632653
"581",-74.0103127214765,40.7229513791946
"582",-73.9945961659751,40.7259638630706
"583",-73.9752446586539,40.7611439663462
"584",-73.9842355219942,40.7573957595308
"585",-74.0154250818181,40.7112963036364
"586",-74.0043337966101,40.7334903022599
"587",-73.9723914919355,40.7606481733871
"588",-74.0129522573529,40.7174461078432
"589",-73.9950111046512,40.7368915813953
"590",-73.9089212720589,40.8854614558823
"591",-73.9756304081632,40.7355029346939
"592",-73.9730693655914,40.7541353655914
"593",-73.9978813019231,40.7563484903846
"594",-73.9723035220126,40.7635826100629
"595",-73.5378423333333,41.0872690666667
"596",-73.9981535083488,40.7296877012987
"597",-74.0003943069307,40.7375941650165
"598",-73.9937374768518,40.7667833379629
"599",-73.979447658363,40.740029455516
"600",-73.9712988073771,40.7648235163934
"601",-73.9998719324324,40.7194261283784
"602",-73.9813534338984,40.7503057254237
"603",-73.9903672851852,40.7752961703704
"604",-74.0034579234694,40.7223948214286
"605",-73.9760545736677,40.7571405548589
"606",-73.9659567109375,40.758450125
"607",-74.0099639327075,40.7215674773083
"608",-73.9592391900453,40.7586231900453
"609",-74.0030869100529,40.7271227830688
"610",-73.991756041791,40.7349666
"611",-73.9613875107759,40.7686301357759
"612",-73.9904143333334,40.7510412406692
"613",-73.9797813466667,40.7647382933333
"614",-73.9857041323793,40.7578461842577
"615",-74.0130981712474,40.7020610697675
"616",-73.9850609944135,40.7241379608939
"617",-73.9756622384616,40.7891615884616
"618",-73.9473508280255,40.770872299363
"619",-73.9626592248322,40.770540909396
"620",-73.9773295534592,40.7521264025157
"621",-73.9595749575069,40.6561253852692
"622",-73.9921921811414,40.7376204218362
"623",-73.9556700652174,40.7659651956522
"624",-73.9625871867088,40.8108037531646
"625",-74.0049392209945,40.7299050441989
"626",-74.0022421873016,40.7299871238095
"627",-74.0087051635514,40.7189098504673
"628",-73.9841470103448,40.7698692862069
"629",-73.9230005865385,40.8676494735577
"630",-73.9943989064328,40.7286841052631
"631",-74.004731620438,40.7351642226277
"632",-73.9846338507796,40.7606282761692
"633",-73.9712010789981,40.7971816319846
"634",-74.0043089363636,40.7309005681818
"635",-73.9927277632851,40.7565418164251
"636",-73.9508665193799,40.785916251938
"637",-73.9531368636364,40.7681377755682
"638",-73.9559706929461,40.7760667240664
"639",-73.9977740175439,40.7463385307018
"640",-74.0052916765376,40.7287778496583
"641",-73.9811909182879,40.7796525389105
"642",-73.9404800223214,40.6837123392857
"643",-74.0023431067961,40.7502808009709
"644",-73.9885668846153,40.7312438230769
"645",-73.9994351851852,40.7595395555555
"646",-73.9552551893688,40.7445427026578
"647",-73.9818428021201,40.746975254417
"648",-73.9844638085106,40.7801076146573
"649",-73.9923856806527,40.6913314335665
"650",-73.9752150720524,40.7560444475982
"651",-73.9597629310344,40.7798178640974
"652",-74.005890037037,40.7246373333333
"653",-73.9878936363636,40.7794383737374
"654",-73.9709382662722,40.7558178816568
"655",-74.1183568292683,40.6000580243903
"656",-73.9869260213676,40.7473225213675
"657",-73.9852978214286,40.7596726166667
"658",-73.9828781374172,40.7390815496688
"659",-73.9507411013746,40.7831296030928
"660",-73.9403062511415,40.8307146347032
"661",-73.9823031253264,40.7727930052219
"662",-73.9808535000001,40.7641812441861
"663",-73.9676674633205,40.7926059150579
"664",-74.0051432251656,40.7319362649007
"665",-74.0039900089021,40.7380008071216
"666",-73.9749246762749,40.7877625077605
"667",-73.9555588873239,40.7684367992957
"668",-73.9799099071731,40.7548527257385
"669",-73.98980538125,40.73353645625
"670",-73.9825829731051,40.7453648801956
"671",-73.970231202952,40.7843491918819
"672",-73.9849745078534,40.7322671291448
"673",-73.9782403043478,40.7501526956522
"674",-73.9461237708978,40.7775479226006
"675",-73.9880590836066,40.7281183737704
"676",-74.0037614324325,40.7509009121622
"677",-73.9900670192308,40.7698469461538
"678",-73.9805286076233,40.7215931726457
"679",-73.9611087038626,40.801374639485
"680",-73.9858306677116,40.7224891724138
"681",-73.9723921306819,40.7863170028409
"682",-73.9977985446428,40.7539070133928
"683",-73.9598139457832,40.7673774096385
"684",-73.9712906578947,40.7665072192982
"685",-73.9837507,40.74944236
"686",-73.9887378884688,40.7485526257089
"687",-74.006144987013,40.7333116961039
"688",-74.005998495,40.716988965
"689",-73.9763462417062,40.7509421753554
"690",-73.9745255588234,40.7557480641711
"691",-73.9970140171233,40.7424640856164
"692",-73.9779219197324,40.7555357591973
"693",-73.9903826587031,40.7420063788396
"694",-73.9799653910448,40.7616392537314
"695",-74.0034694523809,40.7362775612245
"696",-73.9795697306274,40.7732550885609
"697",-73.9769016942675,40.7452198503185
"698",-73.9794692413793,40.7609717742947
"699",-73.9554819134616,40.7779398125
"700",-74.0019869613527,40.7619505845411
"701",-73.9380027603834,40.8146406357827
"702",-74.0062281072961,40.7232746909871
"703",-73.9816852527473,40.760132974359
"704",-74.0029549166666,40.7395647777778
"705",-73.9523803215434,40.791246437299
"706",-74.0059658413461,40.7362366778846
"707",-73.9459281141976,40.773703382716
"708",-73.9537784374256,40.7790195828367
"709",-73.9400292317074,40.8226167926829
"710",-74.0044707633137,40.7569600059172
"711",-74.0058089939394,40.7262627272727
"712",-73.9869649908926,40.7296188615665
"713",-73.9846332033899,40.7289408474576
"714",-73.9757824144144,40.7819063243243
"715",-73.9828148370371,40.7232031432099
"716",-73.8805732644628,40.8266799008265
"717",-73.9760491244019,40.7515996985646
"718",-73.9724932227603,40.7649783268765
"719",-73.9935754262295,40.7452433196722
"720",-73.9952872350427,40.7496868646724
"721",-73.9760904761905,40.7947222653061
"722",-73.9824222299742,40.7838425297158
"723",-73.9869380259366,40.7426944034582
"724",-73.9781509939271,40.7524030323887
"725",-73.9513074958678,40.7721051487603
"726",-73.9578819107143,40.7897057678571
"727",-74.0043007073791,40.7163708117048
"728",-74.0086689170404,40.707691764574
"729",-73.9852922298851,40.7635093057471
"730",-74.0076787368421,40.7133374511278
"731",-73.9774710511812,40.7386068937008
"732",-73.9945483584071,40.7654933761062
"733",-73.9424715474006,40.8421374633028
"734",-74.0145537705166,40.7093525319149
"735",-73.9578147068404,40.7615263778502
"736",-73.9856159885387,40.7136038739255
"737",-73.9965408591549,40.7291490704225
"738",-74.0059115572917,40.7047295677083
"739",-73.99567137,40.7441704175
"740",-73.9652124716981,40.7636040700809
"741",-73.9491048344519,40.7735952975391
"742",-73.9629819928571,40.7722683952381
"743",-73.9185223787879,40.8083037651515
"744",-73.954002938326,40.7705430396476
"745",-73.9910028244898,40.7364524530612
"746",-73.9758417942387,40.758978127572
"747",-73.9853934699454,40.7277470710383
"748",-73.97075518,40.755066224
"749",-73.9954699810606,40.7169040946969
"750",-73.9790100198511,40.7771525806452
"751",-74.0082139175,40.7118983675
"752",-73.9943775463918,40.7317640103093
"753",-73.9741101943319,40.7614065425102
"754",-73.9757004256199,40.7624955578512
"755",-73.9451052598039,40.7791900245098
"756",-73.9638490367171,40.7712624838013
"757",-73.9654514166666,40.7661990083333
"758",-74.0009867935943,40.7573673238434
"759",-73.9901922647975,40.7668198816199
"760",-73.9748380058651,40.7904764897361
"761",-73.9924267549858,40.7683663846154
"762",-74.0141722008032,40.7139551124498
"763",-73.9732980609756,40.7481620731707
"764",-73.9972547529411,40.6266683764706
"765",-73.9881280238095,40.7242757142857
"766",-74.0010895924855,40.6838806098266
"767",-73.9479262298387,40.7967966129033
"768",-73.9445628864865,40.7836135891892
"769",-73.9902948753895,40.7574463052959
"770",-73.9892986503268,40.7303851699346
"771",-73.9711734769231,40.7574986276923
"772",-73.9896927627737,40.7343431204379
"773",-73.1534920714286,40.7930820714286
"774",-74.0079803502109,40.7391596413502
"775",-73.9809427467249,40.741953580786
"776",-73.958818916318,40.7833805355649
"777",-73.9922297015131,40.7493037606602
"778",-73.9836030830769,40.7301866953846
"779",-73.9656428571429,40.7624582694805
"780",-73.9346978144329,40.7568102701031
"781",-74.0098114769231,40.7848676307692
"782",-73.9539193864734,40.7727642705314
"783",-73.993840439523,40.6967141516184
"784",-73.9821308404495,40.7689704112359
"785",-73.9864909017543,40.7374765333333
"786",-73.9719204772727,40.7571573484849
"787",-73.991695380117,40.7519711637427
"788",-73.9989635608975,40.7453319230769
"789",-73.9819415555556,40.7542851532567
"790",-73.9529893305085,40.783158720339
"791",-73.9819472704918,40.7461274945355
"792",-74.0025516706587,40.7558964191617
"793",-73.9765001686047,40.790747122093
"794",-73.9528508666666,40.7764484205128
"795",-73.9959509697733,40.7487548010076
"796",-73.9823047850468,40.7654324890966
"797",-73.95837589819,40.7648273868778
"798",-73.8865519454546,40.7708334686868
"799",-73.9947254441208,40.7503031486881
"800",-73.9671426446281,40.7723329090909
"801",-74.015976443662,40.7150701373239
"802",-73.9894938117048,40.7571523689567
"803",-73.9652472261905,40.7911556706349
"804",-73.9146338738532,40.777013766055
"805",-73.9863487151515,40.744101630303
"806",-73.9737437428571,40.7694720095238
"807",-73.9962260286624,40.7430972898089
"808",-73.98364034,40.738025595
"809",-73.9669215298013,40.7640269238411
"810",-73.952722996016,40.7663895179283
"811",-73.961670252988,40.7598227928287
"812",-73.9308021106195,40.7651362743363
"813",-73.9890354593496,40.7425084308943
"814",-73.9704278225108,40.7678644632035
"815",-73.921486482353,40.7350588352941
"816",-73.9541678629808,40.7871672548077
"817",-73.9944634207317,40.7480833414634
"818",-74.0140575265393,40.7041674479831
"819",-73.9784918057326,40.761534955414
"820",-73.9810290104167,40.7710897395833
"821",-73.9746008746518,40.7535598690807
"822",-73.9883832761194,40.7615035820896
"823",-73.9609512044088,40.7611344709419
"824",-73.9662513754266,40.7647459044369
"825",-73.9779195143678,40.7864084655173
"826",-73.984511487037,40.7592709444444
"827",-73.9724439645669,40.7911306811024
"828",-73.9797038888889,40.7494374267677
"829",-73.961999358714,40.7765028037225
"830",-73.9899745348361,40.7171005491803
"831",-73.9518670988373,40.7662990232558
"832",-73.952734345946,40.7723073837837
"833",2.93556303979592,42.5264179693877
"834",-73.9832195179063,40.7445233553719
"835",-73.9793410339623,40.7588158679245
"836",-73.9897475450451,40.7587486531532
"837",-73.9855418048781,40.7473116310976
"838",-73.9505727819768,40.7152965319767
"839",-73.9661778432432,40.7899463243243
"840",-74.0022711879699,40.728346037594
"841",-73.9898088073395,40.7353979174312
"842",-73.9919579087137,40.7543817510373
"843",-74.000517,40.7081577835052
"844",-73.9784427242798,40.7831124917696
"845",-73.9655770405797,40.7687656753623
"846",-73.9991137088123,40.713783651341
"847",-74.0034437407407,40.7202135864198
"848",-73.9771202991071,40.7875983616071
"849",-73.9658287755102,40.7653933918367
"850",-73.9967623490566,40.734982745283
"851",-73.9510961792829,40.7791453266932
"852",-73.9870733759399,40.7363551353384
"853",-73.9805594,40.7465687548387
"854",-73.9825477594254,40.7314349640934
"855",-73.9699772486773,40.7622718597883
"856",-73.9619241607143,40.7645772113095
"857",-74.0052823668342,40.720299361809
"858",-73.9828293290322,40.7569065462365
"859",-73.9975518130841,40.7615245981308
"860",-73.9760881804877,40.763914295122
"861",-73.969341561828,40.7852799731183
"862",-73.9900216529412,40.7326891117647
"863",-73.996891460581,40.7143513195021
"864",-73.9627020927419,40.7693459153226
"865",-73.9595549622642,40.7691991698113
"866",-74.0044785976743,40.707450372093
"867",-73.9025512384342,40.7429310213523
"868",-73.9939716076389,40.7589672326389
"869",-73.9766141375,40.7611492666667
"870",-73.9674378834499,40.7632498181818
"871",-73.9964469509804,40.7604957941176
"872",-73.9738217703081,40.7471240952381
"873",-73.9765977751196,40.7581043732057
"874",-74.0012957078652,40.7518855730337
"875",-73.980977859155,40.7523718028169
"876",-73.9418488325991,40.714529215859
"877",-73.957471510929,40.7654371530055
"878",-73.9720733222223,40.7894993
"879",-73.9733835220126,40.7387444716981
"880",-73.9956658351064,40.7305853351064
"881",-73.9660601243386,40.754226978836
"882",-74.0009466051282,40.7417186974359
"883",-74.0801250862069,40.6851050517241
"884",-74.0062649076922,40.7393760974359
"885",-73.9841846683047,40.7618521498772
"886",-73.935448800926,40.7413158564815
"887",-73.9893730523077,40.7561752615385
"888",-73.9785194481132,40.7601951037736
"889",-73.9519589400388,40.7816235686653
"890",-74.0060637085202,40.7219431928251
"891",-73.9572318375,40.78558169375
"892",-74.0119778181818,40.7102024772727
"893",-74.0043021408269,40.7423957894057
"894",-73.9580470945674,40.7791178289738
"895",-73.9849981160714,40.7454837142857
"896",-73.9133705106383,40.6133265531915
"897",-73.9738419071275,40.757161462203
"898",-73.9683873359173,40.7648646459949
"899",-74.0303773203125,40.6246479322917
"900",-73.9588574429531,40.7778720939597
"901",-73.99790699,40.751237635
"902",-73.970294432,40.756394528
"903",-73.9887800689102,40.7742916346153
"904",-73.9923697584098,40.7254356574923
"905",-73.9877562644068,40.7439855423728
"906",-73.983698065371,40.7437831201413
"907",-73.9733339954955,40.7956268693694
"908",-73.9940103596491,40.7514133479532
"909",-73.9925762268042,40.7305953237113
"910",-73.9216776804123,40.8299600618557
"911",-73.9607101776062,40.7696849826255
"912",-74.0082592479338,40.749261785124
"913",-73.9782926798246,40.7481256403509
"914",-73.9750400881057,40.7829447356828
"915",-73.9989927272727,40.7586136363636
"916",-73.9926248613138,40.7533700218978
"917",-74.0404254456522,40.723864201087
"918",-73.9683918781726,40.7615927690356
"919",-73.9710707531915,40.7831514170213
"920",-73.9893580067114,40.7363264228188
"921",-73.9747113515625,40.7575897382812
"922",-73.9915885341247,40.7425321661721
"923",-73.9892163966942,40.747964376033
"924",-73.7803773955224,40.7736322164179
"925",-73.9913474132653,40.7275968877551
"926",-73.9415668985507,40.8103431956522
"927",-73.9987470877863,40.7639604885496
"928",-73.974445026362,40.7565344217927
"929",-73.9820164690554,40.767230029316
"930",-73.9586532717391,40.7725834543478
"931",-73.8654115434462,40.77074165243
"932",-73.9859798692307,40.7432680461539
"933",-73.7907555768169,40.6463588114076
"934",-73.9587869490741,40.760294662037
"935",-73.953911266289,40.7754196515581
"936",-73.835976443662,40.6725723309859
"937",-73.9795799430894,40.6580068821138
"938",-73.9741300747663,40.7506752266355
"939",-73.9766652857143,40.7591469867725
"940",-73.9898938167331,40.7624729282869
"941",-74.0001268272252,40.7327553141362
"942",-73.9810895635179,40.7623386872964
"943",-73.9831434363636,40.7629874935065
"944",-73.9814077791799,40.7534275709779
"945",-73.9818597727273,40.7765764962121
"946",-73.9956087349397,40.7692432946331
"947",-74.01640178803,40.7075117381546
"948",-74.0079904963856,40.7427626698795
"949",-73.9874134514925,40.7686451940299
"950",-73.9761665706806,40.7499275549738
"951",-73.9820440711974,40.7779537734628
"952",-73.9251874843138,40.7712914980392
"953",-73.9570002019802,40.7831278752475
"954",-74.0032094707792,40.7237453993507
"955",-73.9754531871795,40.7512617384615
"956",-73.9881995825242,40.7432644822006
"957",-74.0026763291925,40.7084845714286
"958",-73.9644679711815,40.764515221902
"959",-73.9856084797508,40.762792894081
"960",-74.0145375773196,40.7175688075601
"961",-73.9743125497836,40.7488724588745
"962",-73.9662730409091,40.7559322272727
"963",-73.9495448735632,40.7905187471264
"964",-73.9561613385826,40.7700019527559
"965",-74.010262336595,40.7093844285714
"966",-73.9729146929134,40.7826568582677
"967",-74.0065875571429,40.7424531214286
"968",-73.9890493498964,40.7580835362319
"969",-74.0011696049046,40.7314105776567
"970",-73.9969740677966,40.7474324677966
"971",-74.0044234469273,40.7495846592179
"972",-73.9892748146259,40.7415438044218
"973",-73.9550901878787,40.7691385090909
"974",-73.9666718029411,40.77008115
"975",-73.9862233961039,40.7620538051948
"976",-73.9544716775818,40.7838373098237
"977",-73.968853,42.8999995
"978",-74.0006354895105,40.7622283216783
"979",-73.9693713852459,40.7879026147541
"980",-74.0052880437956,40.7434013868613
"981",-74.0060571129032,40.7301618064516
"982",-73.9825539916898,40.7680937063712
"983",-73.9099653651685,40.8459683483146
"984",-73.9893099035088,40.7130733903509
"985",-73.9855624673913,40.7499635615942
"986",-73.8748398042328,40.7528399206349
"987",-73.9929884311926,40.7602120917431
"988",-74.1810993029702,40.6932012376237
"989",-73.9726686849315,40.7558841424657
"990",-73.9601197947762,40.7703649291045
"991",-73.9774425227273,40.7921537897727
"992",-74.0082395450451,40.7451097972973
"993",-73.9719631480143,40.7656361552347
"994",-73.999055593496,40.7370384471545
"995",-73.909859615566,40.7610585330189
"996",-73.9976184672131,40.7449050737705
"997",-73.9746595859873,40.7518247101911
"998",-73.9779082082262,40.7422834164525
"999",-73.9967721492007,40.7254184422735
"1000",-73.9852833111703,40.7534459601063
"1001",-73.8833531958763,40.6673015670103
"1002",-74.0002147941586,40.7585639235049
"1003",-73.9466614075829,40.7761509336493
"1004",-73.9464904413408,40.8081778324023
"1005",-73.9777537193878,40.7290996096939
"1006",-73.987432081761,40.755032754717
"1007",-74.0003437871621,40.7207271756757
"1008",-73.9334943513513,40.7961823558558
"1009",-73.9266236953642,40.8140610397351
"1010",-73.867806258427,40.7673860449438
"1011",-74.0166563496933,40.7100391799591
"1012",-73.9945571976191,40.7698841547619
"1013",-73.9781873636364,40.8443032121212
"1014",-73.962797451505,40.7666515919733
"1015",-73.9956409666667,40.7356820666666
"1016",-73.9853597295597,40.7662002201258
"1017",-73.981216414557,40.7377218813291
"1018",-73.9561137665198,40.6386500440529
"1019",-73.9788568885794,40.7411099108635
"1020",-73.9652923693467,40.6842513040201
"1021",-73.9669829910315,40.793727573991
"1022",-73.9892862714286,40.7680451285715
"1023",-73.9822699174604,40.7741095111111
"1024",-73.7654160921052,40.7292176513158
"1025",-73.987951815261,40.7500153373494
"1026",-73.9687576196078,40.7503574980392
"1027",-74.0046637647059,40.8102120294118
"1028",-74.0050709539473,40.7186654703947
"1029",-74.0035915062612,40.7477371663685
"1030",-73.9884639566474,40.7589912312139
"1031",-73.9937620526316,40.7269926203007
"1032",-73.9922739328622,40.7148794028268
"1033",-73.9914097385321,40.7389786513762
"1034",-74.0136680602409,40.7150959748996
"1035",-73.9739852103658,40.7541492835366
"1036",-73.9858814108216,40.7527379579158
"1037",-74.0056234910979,40.7401338264095
"1038",-73.9917903896458,40.7263879100817
"1039",-73.9648542065491,40.7726304156171
"1040",-73.9913919025641,40.7578974307692
"1041",-73.967084161017,40.7589799279661
"1042",-73.9878366745562,40.7353948165681
"1043",-73.977911303502,40.7489186692607
"1044",-73.9909932011174,40.7487917243948
"1045",-73.9583336606217,40.7688876735751
"1046",-74.0349166047904,40.7421920359282
"1047",-73.9681671198502,40.7870369925094
"1048",-73.9716775124654,40.7820082105263
"1049",-73.9804656,40.7633702296296
"1050",-73.9966694533899,40.7629850635593
"1051",-73.9718371407035,40.7803907587939
"1052",-73.9602637012987,40.7660919642857
"1053",-73.975234996063,40.7477236811024
"1054",-73.9908339518305,40.7240452100193
"1055",-73.9947031072961,40.7528416995708
"1056",-73.9779462959183,40.781064244898
"1057",-73.9928099214876,40.7219147334711
"1058",-73.9490684147845,40.7247999486653
"1059",-73.9831146693069,40.734827629703
"1060",-73.9803950095846,40.7855969552716
"1061",-73.9104186111111,40.6847095694444
"1062",-73.9572457389706,40.78009653125
"1063",-73.9825334313726,40.7278524509804
"1064",-73.9641098408305,40.7679644705882
"1065",-73.6055982564103,40.7213392564103
"1066",-73.9606003885136,40.8130520608108
"1067",-73.9547980874524,40.7673531711026
"1068",-73.9766587786259,40.7394206603053
"1069",-73.9615609552941,40.7742223482354
"1070",-73.9839925841584,40.7406546006601
"1071",-73.9835885704919,40.7466596983607
"1072",-73.9900552065491,40.7466704055416
"1073",-74.0127336029412,40.71506
"1074",-73.9789284825581,40.7517552034884
"1075",-73.9797836682028,40.7371643410138
"1076",-73.9766165028735,40.7480199022989
"1077",-73.9882231563786,40.7540684176955
"1078",-73.9863070794702,40.7772232582781
"1079",-73.993087531746,40.7113606746031
"1080",-73.9797058548009,40.7272421967213
"1081",-73.9748919081365,40.763641832021
"1082",-73.9855159267139,40.7786647375886
"1083",-73.9791731629393,40.7638277188499
"1084",-73.9712471018868,40.7926548867925
"1085",-74.0073842792792,40.7178163903904
"1086",-74.0057095197132,40.7455638853047
"1087",-73.9952302460064,40.7547002428115
"1088",-73.9537135768322,40.7879276666667
"1089",-73.9963051653543,40.7581158425197
"1090",-73.9868615112782,40.7713751503759
"1091",-73.7731664263566,40.6741324263566
"1092",-74.0037308571428,40.7529660805861
"1093",-74.0072630882353,40.7331329509804
"1094",-73.9846524299065,40.7745104065421
"1095",-73.995342852459,40.739469363388
"1096",-73.9824720813953,40.7593308953488
"1097",-73.9893666917808,40.7600720958904
"1098",-73.9941570361758,40.7410064031008
"1099",-74.017134630137,40.705203520548
"1100",-74.0123406470588,40.7203340130719
"1101",-73.9733733255814,40.7848774844961
"1102",-73.9707094906938,40.7615651895093
"1103",-73.9819430414201,40.7524128017752
"1104",-73.9659615879121,40.7926881483517
"1105",-73.9808826211454,40.7574640748899
"1106",-73.9784234086758,40.7631400365297
"1107",-73.9658075689655,40.7738930387931
"1108",-73.9841434214286,40.7548840464286
"1109",-73.9680610728052,40.7624915032119
"1110",-73.9979366193549,40.7258843064516
"1111",-73.9882906486486,40.7228529189189
"1112",-73.9702744634146,40.785949195122
"1113",-74.0055194819945,40.7509139944599
"1114",-73.9734408539683,40.7500985714285
"1115",-73.9963386666667,40.7673098924731
"1116",-73.9158400866337,40.7450527772277
"1117",-73.9906941546961,40.7305594972376
"1118",-73.9691841755319,40.7691883404255
"1119",-73.992796529703,40.7516443663366
"1120",-73.966814781407,40.6928366582915
"1121",-73.9954798708791,40.6866288543956
"1122",-73.9902268527919,40.7550320507614
"1123",-73.9861918924205,40.7590254645477
"1124",-73.2163192,46.3754414
"1125",-73.9917653333333,41.5
"1126",-73.9732856541786,40.7626184121037
"1127",-74.0047398509804,40.7521557058824
"1128",-74.0047348390093,40.7473868513931
"1129",-73.9871892336448,40.7405532102804
"1130",-73.9691819748743,40.7555731658291
"1131",-73.9665963962264,40.7616240896227
"1132",-74.0005326473989,40.7296701965318
"1133",-73.9730954655172,40.7642497163009
"1134",-73.9997320907407,40.7589175537037
"1135",-73.9695431384976,40.7581604929577
"1136",-73.969863221709,40.7602101685912
"1137",-73.9642232785516,40.7772603008357
"1138",-73.9476600987125,40.829032695279
"1139",-73.9782673846154,40.7512051871102
"1140",-73.9749468858025,40.7779495246914
"1141",-73.9712972463414,40.7510993365853
"1142",-73.9736641525424,40.7634845932203
"1143",-73.9915592897196,40.7409911495327
"1144",-73.9946790637119,40.7401237562327
"1145",-73.9679477642046,40.7988463806819
"1146",-73.9871711658654,40.7533908509615
"1147",-74.0055296326531,40.7266300136055
"1148",-73.9752702256945,40.7568183368056
"1149",-73.9815895393939,40.7494796666667
"1150",-74.0001001658032,40.7237949870467
"1151",-73.9678808292683,40.7656550216802
"1152",-73.9893386913581,40.7496041666666
"1153",-73.987374685,40.76645557
"1154",-73.9575327469511,40.8017395
"1155",-73.9420438641976,40.7048850987654
"1156",-73.9802509385028,40.7486226657755
"1157",-73.8571814296875,40.689066984375
"1158",-73.8239539850187,40.7544873857678
"1159",-73.9687634433962,40.7472181981132
"1160",-74.0099957018518,40.720265987037
"1161",-73.9911103023873,40.7397253793104
"1162",-73.9836846006192,40.7265637430341
"1163",-73.9975471976744,40.7389705116279
"1164",-73.9569519254499,40.7202441568123
"1165",-73.9964547350993,40.7559648145695
"1166",-73.9750104285714,0.700262732571429
"1167",-73.9977107656904,40.7657124560669
"1168",-73.9812958868613,40.7292785255474
"1169",-73.9730130385852,40.7551961061093
"1170",-73.9730300028248,40.7614588615819
"1171",-79.2923293333333,41.0908375
"1172",-73.9783921943734,40.7541245217391
"1173",-73.9824701875001,40.7427599646739
"1174",-73.9915356977777,40.7297156222222
"1175",-74.0065788149254,40.7439804059701
"1176",-73.9850155064935,40.7584019714286
"1177",-73.9640625379537,40.7609772343234
"1178",-73.999027015544,40.7419578341969
"1179",-73.9632970770751,40.7180534110672
"1180",-73.9816700670996,40.7787382467532
"1181",-73.9851779155844,40.7553755324675
"1182",-73.9935398055555,40.7546618715278
"1183",-73.983170325,40.7543521428572
"1184",-73.9828759093656,40.7603650151057
"1185",-74.0076756827411,40.7407944796954
"1186",-73.938539510288,40.8417760041152
"1187",-73.9732890828571,40.7595873457143
"1188",-73.9689249346247,40.7641812421308
"1189",-73.979926793911,40.7530743442623
"1190",-73.9791256440129,40.787149420712
"1191",-73.9827013136531,40.7716367527675
"1192",-73.9811859539473,40.7146320296052
"1193",-73.982852525641,40.7692148333334
"1194",-73.9757862562278,40.7538381459075
"1195",-73.995742875,40.7465307039474
"1196",-73.9716346811594,40.7619168695652
"1197",-73.9836594070981,40.7555308851775
"1198",-74.0086244356436,40.7307563019802
"1199",-73.9963074473685,40.7532506267942
"1200",-73.9755052454781,40.7522319405685
"1201",-74.0001869457014,40.7575386447964
"1202",-73.8932283356164,40.7478591541096
"1203",-73.9943468950437,40.7559999125364
"1204",-73.9799112156334,40.7351432964959
"1205",-73.9582421206897,40.7705092988506
"1206",-73.9487015191873,40.7822866659142
"1207",-73.9880269126761,40.7377279380281
"1208",-73.9769686666667,40.7570791087719
"1209",-73.957858462585,40.7006599591837
"1210",-73.9848937889273,40.7693468131488
"1211",-73.9778271596244,40.6810813896714
"1212",-73.981173984375,40.767786890625
"1213",-73.9701265775194,40.7656247829457
"1214",-73.9974816863271,40.7414261849866
"1215",-73.9940809100346,40.7246342387543
"1216",-73.9558299016854,40.7724377724719
"1217",-73.991234409594,40.7502822859779
"1218",-74.0081024604651,40.6464439906977
"1219",-73.9811041077844,40.7878377305389
"1220",-73.9772719548192,40.7468943825301
"1221",-73.979669881295,40.762689205036
"1222",-73.9720281849315,40.7581704143836
"1223",-73.9942563175676,40.7460768175675
"1224",-73.9451317735849,40.6179656792453
"1225",-73.2101325,36.4559235
"1226",-73.9877640816327,40.7519387113703
"1227",-73.9855215075757,40.7018958787879
"1228",-73.969789968889,40.7572127888889
"1229",-74.0031644793814,40.743665628866
"1230",-73.9898890822785,40.7453515
"1231",-73.9472467742947,40.7842516708464
"1232",-73.905050261194,40.8212244402985
"1233",-73.9840199055794,40.7212989313304
"1234",-73.9747937063492,40.7507818194444
"1235",-73.984084036,40.684338652
"1236",-73.9858459393939,40.7349582996633
"1237",-73.9449708603896,40.8162249188312
"1238",-73.98592465625,40.745007546875
"1239",-73.9778628070501,40.7516628998145
"1240",-73.964882816092,40.7532354195402
"1241",-73.9792301445784,40.7819525843373
"1242",-73.9946459065744,40.7208531366782
"1243",-73.9581814705883,40.7668813333333
"1244",-73.9785315514019,40.756636088785
"1245",-74.0016687928287,40.7213643426295
"1246",-73.986003,40.7687701512195
"1247",-73.9803705606061,40.7589377348485
"1248",-73.7806348787085,40.6463828787086
"1249",-73.9846827276595,40.7445977574468
"1250",-73.9688077294118,40.7673823137255
"1251",-74.0165951492537,40.7172003656716
"1252",-73.947188485232,40.7891762827004
"1253",-73.9659672421053,40.7953089228071
"1254",-73.990172933518,40.7484382216067
"1255",-73.9862747303665,40.7568971492146
"1256",-73.9990263257143,40.7316322914286
"1257",-73.9706338259912,40.7521308986784
"1258",-74.0082074212766,40.7323154170213
"1259",-73.996107139738,40.7234273624454
"1260",-73.9729514853658,40.793337097561
"1261",-73.886545251938,40.7532497674419
"1262",-73.9887674963768,40.7374690869565
"1263",-74.0069515879828,40.7288199484978
"1264",-73.8726429013733,40.7743882359551
"1265",-73.9859629628378,40.746430695946
"1266",-73.9605812572178,40.7727562467191
"1267",-73.9481457631579,40.7763068289474
"1268",-73.9623503432836,40.7915157014925
"1269",-73.9768334219654,40.7552554710983
"1270",-73.9716795319148,40.7549825585106
"1271",-73.9785400418182,40.7726348727272
"1272",-73.9791950077721,40.7553691709845
"1273",-73.8448124738372,40.720505997093
"1274",-73.9413884146341,40.8381647951219
"1275",-73.9759922599278,40.7806267111914
"1276",-73.9713426419753,40.7859807592593
"1277",-73.9669755349651,40.7888969300699
"1278",-73.9759546388262,40.7764583318285
"1279",-74.0058881208054,40.7114187852349
"1280",-73.9656403213483,40.7715305662921
"1281",-73.9551887769231,40.7711214230769
"1282",-73.9633123552632,40.7656778552632
"1283",-73.8576941578947,40.752117
"1284",-74.0041948554217,40.7450501325301
"1285",-73.9522766117318,40.7730005502793
"1286",-73.9795472964427,40.7599100474308
"1287",-74.0019918791947,40.7380429261745
"1288",-74.0049529587628,40.709654161512
"1289",-73.9919411842106,40.7593627236842
"1290",-73.9937284663866,40.7360210672269
"1291",-74.0068836666667,40.7099380364583
"1292",-73.9568257230216,40.7666357302158
"1293",-73.9763558343196,40.7417324201183
"1294",-73.9947097238095,40.7634836952381
"1295",-73.9815918872727,40.7436649018182
"1296",-73.9528740176056,40.8125011725352
"1297",-73.9526366585365,40.7896039634147
"1298",-73.9857986808511,40.7701319858156
"1299",-73.9263572437811,40.6882039353234
"1300",-73.9807198304348,40.7599221608695
"1301",-73.787077768388,40.6411453302034
"1302",-73.8650126642857,40.8856374285714
"1303",-73.9931246190475,40.7628529920635
"1304",-73.9862590545023,40.7556985663507
"1305",-73.970585058608,40.7888324065934
"1306",-73.9640525240175,40.8030102947598
"1307",-73.8544110737705,40.7301358907104
"1308",-73.9836067029703,40.7709158366337
"1309",-73.9007064120878,40.7551081978022
"1310",-73.9579348969555,40.7155122529274
"1311",-73.9942961581633,40.734868914966
"1312",-73.987340457478,40.7332344545455
"1313",-73.9641889137466,40.8081357061995
"1314",-73.9805264204546,40.7335950719697
"1315",-73.9714298292683,40.7636677117516
"1316",-73.911846238938,40.6437101327434
"1317",-73.9587589007634,40.810022610687
"1318",-73.9568433085715,40.77805076
"1319",-73.967811022792,40.7561667407407
"1320",-73.9904942285714,40.7195399028571
"1321",-73.9464409978355,40.7810783722944
"1322",-73.9494521224864,40.7850019945155
"1323",-73.9630808084112,40.7547921542056
"1324",-73.9473949608695,40.7758076086956
"1325",-73.9649125666666,40.7696143848485
"1326",-73.9736224612676,40.7560557147887
"1327",-73.9734664022988,40.7605673275862
"1328",-73.9777543236363,40.7839853054546
"1329",-73.955573375,40.7838106818181
"1330",-73.9712400759999,40.759107568
"1331",-73.9796394970931,40.7657725930232
"1332",-73.9229899362549,40.7590751938911
"1333",-73.9567476818181,40.775100530303
"1334",-73.977611251337,40.7743552540107
"1335",-74.0049922559301,40.7411071173533
"1336",-73.9804857847412,40.7542431743869
"1337",-74.0111747333333,40.7029618601308
"1338",-73.9755442213115,40.7868220122951
"1339",-73.9903033786982,40.737449795858
"1340",-73.9611070766423,40.7649160912409
"1341",-73.9696000808625,40.7613085983828
"1342",-73.9523189610027,40.7692225988858
"1343",-73.9757606157337,40.7446136762482
"1344",-73.9524638470255,40.7867061189802
"1345",-73.9856114407295,40.7608288966565
"1346",-73.9807461954023,40.7507231637931
"1347",-73.9771555230769,40.7505708115385
"1348",-73.9911583838709,40.765521716129
"1349",-73.9483827995868,40.7784117293389
"1350",-73.9873409864865,40.7447903074324
"1351",-73.9818369110671,40.7405975059288
"1352",-73.9727345167174,40.7566628145896
"1353",-73.985292922559,40.7360088215488
"1354",-74.0013572183908,40.7101077298851
"1355",-73.9869150653595,40.7507246535947
"1356",-73.9713251310043,40.7530056768559
"1357",-73.974339573913,40.736959489855
"1358",-73.9960272600001,40.7384777766667
"1359",-73.9603041554959,40.778800077748
"1360",-73.97047072,40.7487443894737
"1361",-73.9904553488372,40.7402824108527
"1362",-73.9924977184874,40.7486366386555
"1363",-73.9756929327217,40.7547413302752
"1364",-73.9870486582278,40.7222679398734
"1365",-73.9550045399061,40.7652095633803
"1366",-73.9840905729537,40.7253479074733
"1367",-73.9720843060796,40.7466319454926
"1368",-73.9742078728971,40.7627573084112
"1369",-73.9845115068965,40.7369445724138
"1370",-73.9680205466378,40.7598863340564
"1371",-73.9935740322581,40.7496906666667
"1372",-73.9803293047619,40.7780765857143
"1373",-73.9901282892307,40.7409616215385
"1374",-73.9280904538461,40.6679756076923
"1375",-73.943487493776,40.7768329128631
"1376",-73.9690144475806,40.7625029032258
"1377",-73.9828644908616,40.7619658067885
"1378",-73.9792316768643,40.7618575564053
"1379",-73.9754718359375,40.7404164140625
"1380",-73.9997675962566,40.726489355615
"1381",-73.7272164705882,40.6765811029412
"1382",-73.9617668682635,40.7962031317365
"1383",-74.0003637725225,40.747828463964
"1384",-73.9820101081967,40.761545947541
"1385",-73.9982625257143,40.7405484228571
"1386",-73.8825420625,41.0187409375
"1387",-73.9846675786666,40.7644299866667
"1388",-73.9605120903011,40.7984511705686
"1389",-73.9840737610064,40.7674594748428
"1390",-73.9949459392097,40.7450910942249
"1391",-73.9934795831062,40.7573141798365
"1392",-73.9772107613637,40.7495721666667
"1393",-74.0076282516667,40.7054265866666
"1394",-73.9700931396648,40.7944304776536
"1395",-73.9560210804598,40.5855204022989
"1396",-73.9831696008771,40.7502965701754
"1397",-73.9383702881041,40.8497493550186
"1398",-73.9877792972973,40.7626505743244
"1399",-73.9596050714286,40.7710432687075
"1400",-73.9645652865168,40.7670248314607
"1401",-74.5151852352941,40.7156478823529
"1402",-73.9622274352942,40.8051618258824
"1403",-73.9635152015504,40.7688740697674
"1404",-74.0038809384615,40.7297046923077
"1405",-73.9904510621302,40.7612956153846
"1406",-73.9621925384615,40.7111260156986
"1407",-74.0056840535211,40.7256364309859
"1408",-73.982723853211,40.7188538807339
"1409",-73.8641009666668,40.76938305625
"1410",-73.9754890622223,40.7329318955556
"1411",-73.9737552338461,40.7550670676923
"1412",-73.9998531132686,40.7220566537217
"1413",-73.9776676372392,40.7535396902087
"1414",-73.9628607706611,40.7586625557852
"1415",-73.9868832264151,40.7641706792453
"1416",-73.9791241459854,40.750092647202
"1417",-73.9871476870898,40.7561131509847
"1418",-73.9737090234192,40.751679384075
"1419",-73.9591803853821,40.7717247408637
"1420",-73.988911987041,40.7771826587473
"1421",-73.986827234375,40.7611279817709
"1422",-73.9884200562249,40.7556139477911
"1423",-73.9750054493151,40.7528123917808
"1424",-73.9846060027397,40.739557739726
"1425",-74.0019347012194,40.7154529634147
"1426",-73.9675174769874,40.7879374602511
"1427",-73.9756083377927,40.7579542274248
"1428",-73.9527736314655,40.7804016206896
"1429",-74.0083206740331,40.747099276243
"1430",-73.9915483360996,40.7470084937759
"1431",-73.9509135,40.7930297734375
"1432",-73.8992018,40.151303
"1433",-73.9751707320442,40.7652074972376
"1434",-73.9558087944444,40.7878984916667
"1435",-73.9991379490446,40.7571856433121
"1436",-73.9706735603113,40.6763713229572
"1437",-74.0062124509804,40.7487776176471
"1438",-73.9622530242719,40.7634334271845
"1439",-73.9474532256638,40.7797346526548
"1440",-73.9861682916666,40.7485865416667
"1441",-74.0149505543478,40.6756401304348
"1442",-73.9917613928572,40.7622158928571
"1443",-73.9867735041096,40.7396130520548
"1444",-73.9843997926829,40.7773697317073
"1445",-73.9780845279188,40.7776724746193
"1446",-73.9778554252199,40.7645351818182
"1447",-73.9899080828729,40.7292913176796
"1448",-73.9892086772727,40.7225102659091
"1449",-73.9791680531562,40.6876203654485
"1450",-73.960621231383,40.8070807260638
"1451",-74.0019667580175,40.7405557317784
"1452",-74.002038777143,40.7349425742857
"1453",-73.9640783709678,40.7653822225806
"1454",-74.007340491453,40.7516978290598
"1455",-73.9890065291828,40.7529682918288
"1456",-73.8587006052631,40.8382999736842
"1457",-73.9797227244898,40.7901745442177
"1458",-73.9700489056604,40.7540697987421
"1459",-73.9634097116788,40.7988853540146
"1460",-74.013242126649,40.716330591029
"1461",-73.9614747546012,40.7716618773006
"1462",-73.9642846312292,40.7923164451827
"1463",-73.9702568601191,40.7998544761904
"1464",-73.9973155188679,40.7574922264151
"1465",-73.9779644035433,40.7889302775591
"1466",-73.9800576554622,40.7305113529412
"1467",-73.8772889,40.7689041692308
"1468",-73.9798788017493,40.7757179854227
"1469",-73.9776163045977,40.7579753649426
"1470",-73.9425609007092,40.7872281513002
"1471",-73.7280751481482,41.0117824444444
"1472",-73.9776028445378,40.7609643697479
"1473",-74.4718748095238,40.3710831904762
"1474",-73.9488271639344,40.7941827540984
"1475",-73.9892523814102,40.7404556346154
"1476",-73.9057756955128,40.7725017339743
"1477",-73.9771985121952,40.7143051951219
"1478",-73.9737805766666,40.6415879033333
"1479",-73.976928117904,40.7848545196506
"1480",-73.992622566474,40.7241145520231
"1481",-73.9720152850574,40.7499467241378
"1482",-73.9874276497462,40.7758187005076
"1483",-73.9796374950981,40.7576116078432
"1484",-73.9707386568047,40.7641345976332
"1485",-73.9833911,40.7745815166667
"1486",-73.9927831801347,40.7427629191919
"1487",-73.9682754093023,40.801050072093
"1488",-73.9787469407583,40.7525859905213
"1489",-74.0085837183771,40.7379833603819
"1490",-73.9877974185185,40.7653082185185
"1491",-73.9773146666667,40.7586572970297
"1492",-73.9540456897959,40.7818042408163
"1493",-73.9558988107476,40.7796946098131
"1494",-73.9711580666667,40.7609884464646
"1495",-73.9635854411215,40.7743533943925
"1496",-73.9512002062349,40.7746118920863
"1497",-73.996775015748,40.7500564330709
"1498",-73.9601603781513,40.7813915168067
"1499",-73.9800756263982,40.7807817136465
"1500",-73.9783975255814,40.7589660186046
