"","pickup_longitude","pickup_latitude"
"1",-73.9913334787879,40.7391226121212
"2",-73.9620385267857,40.7793904419643
"3",-73.9602640883978,40.7702886906077
"4",-73.9589892748816,40.7718376966825
"5",-73.9828882628399,40.7508555166163
"6",-73.9641499386973,40.7769808122605
"7",-73.9801111361257,40.7390564554974
"8",-74.0158531851311,40.715568244898
"9",-73.9555734425676,40.7643097162162
"10",-73.9418264125874,40.818838034965
"11",-73.9940574344263,40.7436344836066
"12",-73.9586906977778,40.7782095333333
"13",-73.9914874575645,40.7498169606397
"14",-73.9525727688171,40.789291389785
"15",-73.9930221465518,40.7338301867816
"16",-73.9635262298658,40.7744397885906
"17",-73.9913611754386,40.7577932368421
"18",-73.98281637,40.7644705966667
"19",-73.9956264017094,40.723249965812
"20",-73.9596134656085,40.7711089259259
"21",-73.9596785679442,40.7627755365853
"22",-73.9578290547945,40.77360643379
"23",-73.9456982,40.7643996
"24",-74.0005370923077,40.7391747846154
"25",-73.9729161108373,40.7489474408867
"26",-73.99311044,40.7119910533333
"27",-73.9677081824817,40.8028180973236
"28",-73.9758449473684,40.7818585368421
"29",-73.9886498062156,40.7370925923217
"30",-73.9733866127819,40.7544607180451
"31",-73.9854565957447,40.6706410771277
"32",-73.9627196963471,40.7584811415525
"33",-73.974734674221,40.7616735297451
"34",-73.982504140665,40.767632511509
"35",-73.978682503268,40.7625893965142
"36",-73.9617395285714,40.7710565
"37",-74.0074418655914,40.748677188172
"38",-73.9675700822511,40.7523294805195
"39",-73.9481778231047,40.7828269765343
"40",-73.9878847417722,40.7547743341772
"41",-74.011732,40.7040851055046
"42",-73.9738420055453,40.7632014251386
"43",-73.9484104736842,40.7233472488038
"44",-73.985331193038,40.7687145094937
"45",-74.0097295755102,40.714816477551
"46",-73.991653245283,40.7410257264151
"47",-74.0113837863013,40.702776769863
"48",-73.9676764699828,40.7628184425386
"49",-73.9793973429603,40.7670336714801
"50",-73.9715806930091,40.7463776382979
"51",-73.9803632680412,40.7654126701031
"52",-73.9791596770427,40.782052463035
"53",-73.9817768458647,40.7673507330827
"54",-73.9788789180327,40.7641729278689
"55",-73.9521511018182,40.7726898763636
"56",-73.9910179087302,40.7279404206349
"57",-73.9872039512712,40.7608100889831
"58",-73.9811076938776,40.746591244898
"59",-73.9546721973684,40.78077825
"60",-73.9770959166666,40.7747579196429
"61",-73.979936419463,40.752238557047
"62",-73.9806698154425,40.7301023785311
"63",-73.9766221223022,40.7493020935252
"64",-73.9752911129808,40.7898745024039
"65",-73.958735359673,40.7640279373297
"66",-73.9577627748345,40.779512192053
"67",-73.9578930625,40.7762727784091
"68",-74.2108127735849,40.693947754717
"69",-73.8551952285714,40.8873361142857
"70",-74.0168543507462,40.7067869552239
"71",-73.9918965014005,40.7645763977591
"72",-73.9895178538813,40.7204405753425
"73",-74.0098724226803,40.7031650824742
"74",-73.9893393595506,40.7538280168539
"75",-73.9808984428571,40.7476852892857
"76",-73.9458738101266,40.8085661308017
"77",-73.9785812151163,40.7618602296512
"78",-73.9638306783041,40.7711050922694
"79",-73.986252107317,40.7673325902439
"80",-73.9875469636363,40.7627616363636
"81",-74.0039365985915,40.7429736619718
"82",-73.9807937264574,40.77466682287
"83",-73.9540611919643,40.7746769642857
"84",-73.9720638978978,40.7983378228228
"85",-73.9717795479452,40.7644882260274
"86",-73.9591579641434,40.7776014422311
"87",-73.9526542234763,40.8228514514673
"88",-73.9610680534125,40.7749738278931
"89",-73.9930907966102,40.6949407694916
"90",-73.992013828125,40.769312234375
"91",-73.9827982452229,40.7632740636943
"92",-74.0097332987013,40.7222531688312
"93",-73.9898677852761,40.7388167576687
"94",-73.96175578223,40.8111122247387
"95",-73.9978014716049,40.7412643185185
"96",-73.9761427094017,40.761261965812
"97",-73.9874719215686,40.7580018235294
"98",-73.9796260426829,40.7650220365854
"99",-73.9798881724138,40.7532186551724
"100",-74.0039639619565,40.7530009347826
"101",-73.9594190337078,40.774275494382
"102",-74.0130365985916,40.716601528169
"103",-73.9629710408497,40.7752848513073
"104",-73.9599666540085,40.7584153122363
"105",-73.9820987759196,40.7607365016722
"106",-73.9612474434783,40.7605616226087
"107",-73.9812301568627,40.7552893960784
"108",-73.9783240424242,40.7539573272727
"109",-73.6194416923077,40.723514
"110",-73.9532417204301,40.7826497150537
"111",-73.9871687212121,40.7483763939394
"112",-73.9790219879518,40.7873429277108
"113",-73.9925367122302,40.7496076870503
"114",-73.9847892878049,40.751190604878
"115",-73.9826656002766,40.7216659280774
"116",-73.9738096716418,40.7694817910448
"117",-73.9782718133971,40.7371365358852
"118",-73.958433205036,40.709044118705
"119",-73.9645816605505,40.8020117477064
"120",-73.9833228590604,40.7562140961968
"121",-73.9803188739256,40.7514859169055
"122",-73.9765424469274,40.7395942486034
"123",-73.9782244452926,40.7573182468193
"124",-73.7896861329045,40.6472302797428
"125",-73.9558013916849,40.7723086148797
"126",-74.0044270337838,40.7416916216216
"127",-73.9827417235293,40.7393087470588
"128",-73.9618881732283,40.7594696929134
"129",-74.001068266087,40.7317446052174
"130",-73.9809560258824,40.7446162611765
"131",-74.0078539954128,40.7120524174313
"132",-73.9766594226191,40.7530716904762
"133",-74.0059644290221,40.7350899211356
"134",-73.99113317357,40.7703874891519
"135",-73.9696080588235,40.7688920695187
"136",-73.9782505255682,40.7861758295455
"137",-73.9949950707072,40.7449841767677
"138",-73.9791710626703,40.7528639291553
"139",-73.9506664317674,40.7862890290828
"140",-73.8059983023255,40.6542208139535
"141",-73.9862435837104,40.7305242262443
"142",-73.9772799069767,40.7661525503876
"143",-73.9751869358973,40.7927209134616
"144",-73.99678990625,40.7527018875
"145",-73.9821057877095,40.7652622206704
"146",-73.9909007710844,40.717584810241
"147",-73.9741336719746,40.7942356974522
"148",-73.9527594813433,40.7766939477612
"149",-73.9884090972222,40.7567391574074
"150",-73.9686303811475,40.7702584098361
"151",-73.9791691453202,40.7621678768473
"152",-73.9858442030651,40.7621007241379
"153",-74.0113013269231,40.7105354423077
"154",-73.9739297541899,40.764820273743
"155",-73.9567536390977,40.78081
"156",-73.9709196729559,40.761365
"157",-73.9530531432545,40.7912842670376
"158",-74.0079536311475,40.7077010027323
"159",-73.9924537010309,40.7453282783505
"160",-73.9764138780488,40.7639042235772
"161",-73.996868051282,40.7374007069597
"162",-73.990070680597,40.746635241791
"163",-73.998724005814,40.729975
"164",-73.9526381101321,40.7806130837004
"165",-73.9850229452631,40.7421348652632
"166",-73.9768207991071,40.7559572678572
"167",-73.9623573103448,40.7914201034483
"168",-73.9854402480211,40.7320770184697
"169",-73.982325340164,40.7667275204918
"170",-73.9660391017964,40.7621634690619
"171",-73.9690684566668,40.7610320866667
"172",-73.9847348260869,40.7592081875
"173",-73.9701520496894,40.7649814968944
"174",-73.8854992689075,40.7726442240896
"175",-73.9851040024814,40.7479330223325
"176",-73.9887458909091,40.7485797954545
"177",-73.9946990492505,40.6898012955032
"178",-74.0055866827586,40.7385250068965
"179",-73.8362753333333,40.180223
"180",-73.9817195201072,40.7580359410188
"181",-73.9710705474748,40.7583890505051
"182",-74.0010882389937,40.7168166352201
"183",-73.9576698518519,40.7614242222222
"184",-73.9978165175203,40.7360952264151
"185",-73.971769528777,40.7571511330935
"186",-73.9596438373984,40.767119504065
"187",-73.9776369445984,40.757909265928
"188",-73.9750218983051,40.7519409576271
"189",-73.976346592845,40.7884654241908
"190",-74.003097990991,40.7472679189189
"191",-73.9902468947368,40.7491096736842
"192",-74.0315132096774,40.7447065322581
"193",-73.9698179514389,40.7630232392087
"194",-73.970229987745,40.7624191078431
"195",-73.9888326851385,40.7584064685139
"196",-73.9821644380952,40.7787333285714
"197",-73.9903488092105,40.7546083157895
"198",-74.0024456474164,40.744976544073
"199",-73.9840738461539,40.7630730961538
"200",-74.0041855440614,40.7165762413794
"201",-73.9697850335732,40.7571573549161
"202",-74.0054332172284,40.7277201273408
"203",-73.9982255666667,40.7238083466667
"204",-74.0018360559441,40.7377153776224
"205",-73.9671592684211,40.7636872289474
"206",-74.001602661597,40.7221595323194
"207",-73.9756598833694,40.7521907343412
"208",-73.9846290034722,40.7543968263889
"209",-74.0049638536585,40.7416298109756
"210",-73.9817440704225,40.7588221492958
"211",-73.9926866347305,40.7199503592814
"212",-73.9473054983165,40.7757591818182
"213",-73.2697448888889,40.7894837777778
"214",-73.9555382669323,40.7826429521913
"215",-74.01160228,40.79198682
"216",-73.9949673265306,40.7551620244898
"217",-73.9856699174041,40.7353291356932
"218",-74.0052413333333,40.7318083611111
"219",-74.0039907024457,40.7255270733696
"220",-73.9833200633245,40.730378762533
"221",-73.9644997611465,40.7702350987261
"222",-73.9698788167939,40.7613586183206
"223",-73.9865330601092,40.760283704918
"224",-73.9530417934783,40.7650268695652
"225",-74.002473505415,40.7397167924188
"226",-73.9826461862069,40.7825069172414
"227",-73.9815749410569,40.7689843170732
"228",-73.9722884386792,40.7552927264151
"229",-73.9756452514971,40.7639233952096
"230",-73.9781001742044,40.745707278057
"231",-73.9558663959044,40.7762231706485
"232",-73.9885694551282,40.7342682371795
"233",-73.865869495935,40.7697342357724
"234",-73.9762157960526,40.7763958815789
"235",-74.0132698064516,40.7079277258064
"236",-73.9756779913643,40.7489699412781
"237",-73.9879787365146,40.7437113692945
"238",-73.9563299620253,40.7798502974684
"239",-74.0101124548193,40.7094041054216
"240",-73.9877607375,40.7517933625
"241",-73.8418996197916,40.7229158072916
"242",-73.9864064171123,40.7476919090909
"243",-73.9898474267515,40.772284804671
"244",-73.9813299452555,40.7792513357664
"245",-73.9889480241449,40.769189665996
"246",-73.9589072413194,40.7144672725695
"247",-73.9793950078535,40.7614402486911
"248",-74.2555596578947,40.5447828421053
"249",-1.42039842833426e-05,0.000912248701715551
"250",-73.9574547104478,40.7657791880597
"251",-73.9882566247335,40.7377173816631
"252",-73.9428232762431,40.7527782707182
"253",-73.962841734375,40.687708475
"254",-73.9846082000001,40.7484025897436
"255",-73.9916060088496,40.7270527551623
"256",-73.9797729779951,40.7760770684596
"257",-73.9738535371901,40.7619741900826
"258",-73.9523338828125,40.7688620546875
"259",-73.9721457080868,40.7816717830375
"260",-73.962248323877,40.7733881749409
"261",-73.9969972576271,40.7473526644067
"262",-73.9722649311295,40.7653076060606
"263",-73.9599395106007,40.773557385159
"264",-73.9876005336134,40.7244372521009
"265",-73.9839471256281,40.7584478090452
"266",-73.9705660184426,40.7589608135246
"267",-73.9624247533039,40.7949138678414
"268",-73.9594020780669,40.7801903828997
"269",-73.9589866300813,40.7680010162602
"270",-73.6173019,41.0714119
"271",-73.9518657165109,40.7817064080996
"272",-73.9938579702602,40.7567088810408
"273",-73.9551108037736,40.7650507283019
"274",-73.868140703125,40.769494859375
"275",-73.9608063476923,40.8070967292308
"276",-73.9761812681161,40.7446272217392
"277",-74.0099025227964,40.7051554042553
"278",-73.9997673932584,40.7218541910112
"279",-73.9956660265957,40.7543149521277
"280",-73.9943985467033,40.7509109670329
"281",-73.9799836341463,40.7730667317073
"282",-73.8706765142047,40.7736423522727
"283",-73.9945327839506,40.7229179876543
"284",-73.9755255696721,40.7608168401639
"285",-73.969892142562,40.7532148367769
"286",-73.9809514453334,40.7820574133333
"287",-73.9713733571428,40.7609076454082
"288",-73.9818296819788,40.766242565371
"289",-73.9701519153674,40.7564397928731
"290",-73.9686053552632,40.79633575
"291",-73.9630143608247,40.7550097474227
"292",-73.972767281106,40.7616126682028
"293",-73.9933316311882,40.7421729282178
"294",-73.8729623156839,40.7740989899463
"295",-73.9939422232143,40.7668502857143
"296",-73.9857432857143,40.7644071
"297",-73.9649617148594,40.7752904096385
"298",-73.989008326964,40.7015150573249
"299",-74.006033858156,40.7498243475177
"300",-73.961233832258,40.7700492193549
"301",-82.2021701428571,40.9838387142857
"302",-73.971150847352,40.795658352025
"303",-73.9838256456456,40.7437508978979
"304",-73.9743387081784,40.7912583513011
"305",-73.9897627786458,40.7295555338541
"306",-73.9716747149123,40.7562454649123
"307",-73.9712801568228,40.7576337576375
"308",-74.0104262964823,40.7187418592965
"309",-69.6160332222222,41.6998212222222
"310",-73.9842217891374,40.7647607060703
"311",-73.983008967118,40.7349588317215
"312",-73.9731390551723,40.7901569103448
"313",-73.9544754196722,40.7781731901639
"314",-73.9764303307692,40.7646640230769
"315",-73.9665836726805,40.7531853350515
"316",-73.9808038190955,40.7661225678392
"317",-73.9510306213018,40.7746459378698
"318",-73.9551813149171,40.782886519337
"319",-73.9560160096386,40.7677593903615
"320",-73.9642127403846,40.7648464230769
"321",-73.9543827,40.730668675
"322",-73.9709962,2.739568604
"323",-73.960067683274,40.7763432811388
"324",-73.9837992891566,40.7809796024096
"325",-73.981994816777,40.7404473796909
"326",-73.9887287894736,40.7385883105263
"327",-74.0009791088608,40.7275076531646
"328",-73.9723867254902,40.7523965686274
"329",-74.0029406944445,40.7412974166667
"330",-73.9818981989796,40.7463886020408
"331",-73.9531834313726,40.7716903676471
"332",-73.9776238058607,40.7464476080586
"333",-74.0045604198113,40.7339413679245
"334",-73.9955337277778,40.7307363611111
"335",-73.7818978482273,40.6447377780142
"336",-73.9930379420601,40.7280288240343
"337",-74.0102214850137,40.7119404196185
"338",-73.9549758427947,40.7833788951965
"339",-73.9719333006993,40.7630616853147
"340",-73.9912965714285,40.7513240436509
"341",-73.9855892955665,40.7604898128079
"342",-73.9820835837937,40.7628370644567
"343",-73.9733796486487,40.759279054054
"344",-73.9535673340961,40.7669846247139
"345",-73.9730915472441,40.757618480315
"346",-74.0066067235773,40.7317255447154
"347",-73.974853811828,40.7636195
"348",-73.9511953435114,40.7701269465649
"349",-74.0021154983923,40.735329585209
"350",-74.0077140688468,40.7407709345956
"351",-73.9353753961661,40.7585355047923
"352",-73.969251119469,40.7663564247787
"353",-73.9866358004988,40.7562839077307
"354",-73.977488254777,40.7595412292994
"355",-73.9786252685714,40.7598409828571
"356",-73.996453566265,40.7429941759036
"357",-73.9899882240437,40.7329687076503
"358",-74.008453892562,40.74622196281
"359",-73.9920741636364,40.7516960484848
"360",-73.9950281702703,40.7603388540541
"361",-74.0135486580311,40.7151616917099
"362",-74.0028476385542,40.7390560602409
"363",-73.9782686834733,40.7524825028012
"364",-74.0042539497487,40.7075410586264
"365",-73.9531558380952,40.7758653761905
"366",-73.9821559953271,40.7713656799066
"367",-73.9575415173612,40.7853956631944
"368",-73.9813979652891,40.7809174247934
"369",-73.9904565138889,40.7479750138889
"370",-73.7905241419355,40.6443049045161
"371",-74.0087942836439,40.7190194327122
"372",-74.0027434018692,40.7559454485981
"373",-73.9957420444444,40.7414525888889
"374",-73.9681916693549,40.8010062822581
"375",-73.9891502261682,40.7479988934579
"376",-74.0064537777778,40.7405326825397
"377",-74.0035398970588,40.74009125
"378",-74.0014662731591,40.7411875083135
"379",-73.9823555845824,40.7724755695931
"380",-74.0050732100313,40.7408215548589
"381",-73.9751756486487,40.7626909189189
"382",-73.9910374175825,40.7497151346154
"383",-73.8746913906353,40.7739014822742
"384",-73.9742407730497,40.7471819219858
"385",-73.9761305827505,40.755663002331
"386",-74.000600522293,40.7206310509554
"387",-73.9918613352601,40.7151005289017
"388",-73.989118128655,40.7230873157895
"389",-73.9589747960199,40.7834164253731
"390",-73.9501984910179,40.7758118473054
"391",-73.9633603084113,40.7575376261682
"392",-73.9736022443609,40.7562414360902
"393",-73.9799016789215,40.7606543235294
"394",-73.9833442227488,40.7711261658768
"395",-74.0059577236843,40.7117365614035
"396",-73.9916685669857,40.7296212488038
"397",-73.9913889693877,40.7489528265306
"398",-73.9943730111111,40.7592108555555
"399",-73.9989052039107,40.7230296564246
"400",-73.9611543291667,40.7810226083334
"401",-73.963443462069,40.7618875724138
"402",-73.9860444741035,40.7495788486056
"403",-73.9714377088608,40.7663844810127
"404",-73.9745123310185,40.7830637453704
"405",-73.9579740645161,40.7745491612903
"406",-73.9998062823529,40.7107698
"407",-73.997069355372,40.6826051157024
"408",-74.0080628927536,40.7222000811594
"409",-73.9593326150235,40.7716548122066
"410",-73.9765724211886,40.7518711214471
"411",-73.9698183333334,41.5111113333333
"412",-74.003062483034,40.7493800219561
"413",-73.9768006258993,40.751323881295
"414",-73.9672037071429,40.76104545
"415",-73.9852861186945,40.7274651602374
"416",-73.9981927965517,40.7353657827586
"417",-73.9685248812785,40.7616547062404
"418",-73.9774766731518,40.755510463035
"419",-73.9747352675675,40.7502550324325
"420",-73.9930316873823,40.7369929246704
"421",-73.9841810320856,40.7615172192514
"422",-73.9909500865672,40.7240317164179
"423",-73.9497236495536,40.7723605089286
"424",-73.9877173786407,40.7701836796117
"425",-73.9856028255814,40.7528655116279
"426",-73.9579164111842,40.7820452269737
"427",-73.9744810157895,40.7606623631579
"428",-73.9856493401361,40.7595335623583
"429",-73.9504323532819,40.7797199575289
"430",-74.0020850159574,40.6748784574468
"431",-73.9743450239361,40.7566400744681
"432",-73.9894811045752,40.739955375817
"433",-73.9635158439849,40.7657520958647
"434",-73.9650998834952,40.7619025631068
"435",-73.9809127216494,40.7677108247423
"436",-73.9936522288135,40.7495221101695
"437",-74.0067101265823,40.7514085189873
"438",-73.9851481957673,40.75360755291
"439",-73.9923520805085,40.7504215423729
"440",-73.9717792018519,40.7603650518518
"441",-73.9915388672566,40.7504788097344
"442",-73.9743248507795,40.7787455278396
"443",-73.9505603049002,40.7713180145191
"444",-73.9925585508474,40.7535844858757
"445",-73.9545759312169,40.7740572698413
"446",-73.883252373494,40.7306425421687
"447",-73.9864513841962,40.757529027248
"448",-73.9682806184539,40.7864434738155
"449",-73.9782252038216,40.7608563312102
"450",-73.9758726995192,40.7603228701923
"451",-73.962329198718,40.7704885705129
"452",-74.0350482058823,40.7617805
"453",-73.9536928430657,40.77528629927
"454",-73.9671934243825,40.7933282222222
"455",-73.948927970297,40.7707594752475
"456",-73.9575594916985,40.7186328582375
"457",-73.9493248375,40.7812818520834
"458",-73.9841016761364,40.7442516136364
"459",-73.9792719098712,40.7545764849786
"460",-74.0010132769231,40.7258350102564
"461",-73.9848815614035,40.7560639941521
"462",-73.9647588346056,40.7727817888041
"463",-73.9842427333332,40.7432797333333
"464",-74.0003321473684,40.761689831579
"465",-73.9809551457286,40.7846760251256
"466",-73.9872375757576,40.7115185757576
"467",-73.9744246027088,40.751006778781
"468",-74.0094965063291,40.7240956962025
"469",-74.0128567169811,40.7021936981132
"470",-73.9974134155843,40.7215685162338
"471",-73.9824379289099,40.748474900474
"472",-73.9554320705883,40.7686730705882
"473",-73.9805635479204,40.7424093779385
"474",-73.9850473225806,40.7662917741935
"475",-74.0035895491803,40.7317518196721
"476",-73.914997,40.8711753378378
"477",-73.9704231666667,40.7677752971014
"478",-73.9806178871795,40.7338937076923
"479",-73.9834157435898,40.7661440923076
"480",-73.9880953202417,40.7794038640484
"481",-73.9622592578616,40.8051178742138
"482",-73.9960252117647,40.7672773058824
"483",-73.9611855210084,40.8013990336134
"484",-73.9738900362537,40.7641806858006
"485",-73.9813930996168,40.7738257605364
"486",-73.9820753030303,40.7705066363637
"487",-73.9771102912622,40.7567563446602
"488",-73.990040030888,40.7621031969112
"489",-73.97218486121,40.7456185338078
"490",-73.9848880410094,40.7282026340694
"491",-73.9572367209302,40.7801902877907
"492",-73.9875543868312,40.735733744856
"493",-74.0056126183953,40.7509167377691
"494",-73.9944786007905,40.755884339921
"495",-73.9908304585636,40.7557870957643
"496",-73.9614647437186,40.780045241206
"497",-73.956084280236,40.7875898259587
"498",-73.9935483243243,40.7588961261261
"499",-73.9764846424362,40.7804909882122
"500",-73.961654580756,40.7684104776632
"501",-73.9912489947368,40.7423845736842
"502",-73.9889824934498,40.7635435720524
"503",-73.8709737835147,40.7737831177536
"504",-73.9990534180791,40.7610857118644
"505",-73.9723786050228,40.7536860799086
"506",-73.9929740136986,40.7520225525114
"507",-73.9861412011494,40.7433234252874
"508",-73.9959583957597,40.7590802120141
"509",-73.9822225010706,40.7746590149893
"510",-73.9631439400922,40.7691389354839
"511",-73.9606720600523,40.772569916449
"512",-74.0063275141509,40.7331208679245
"513",-73.9651410178572,40.7665123303571
"514",-73.9792314555874,40.7442685300859
"515",-73.95826006875,40.77290824375
"516",-73.9812446371882,40.7414782290249
"517",-74.0102566625387,40.7198640557276
"518",-73.9928846749311,40.7478441597796
"519",-73.9972103241379,40.7448378068965
"520",-73.9892697466063,40.7602914841629
"521",-74.0005440732759,40.7323235258621
"522",-73.9881831592356,40.7502521210191
"523",-73.7867934431373,40.6452027294118
"524",-73.9600011764706,40.7692611764706
"525",-73.9858448638212,40.7225202764227
"526",-73.986099,40.7586817868132
"527",-73.9591445334448,40.815919451505
"528",-73.9799522802359,40.7656452064897
"529",-73.9771789758454,40.7642772657005
"530",-74.0007218663967,40.7290657287449
"531",-73.9644980989583,40.7605175052083
"532",-73.9822740532788,40.7754966987705
"533",-73.9645971999999,40.7113473061224
"534",-73.8997979095238,40.7440241904762
"535",-74.0071589366054,40.7160042903885
"536",-73.9977808732876,40.7612555342466
"537",-73.9737725895523,40.7602515261194
"538",-73.9759558082788,40.7514005250545
"539",-73.977821038674,40.7636895718233
"540",-73.9485282665036,40.7132149682152
"541",-73.9919389804878,40.7494343414634
"542",-73.9437207623318,40.776519381166
"543",-74.0055670564263,40.7366901316614
"544",-73.978218992,40.78902809
"545",-74.006116408,40.739848552
"546",-73.960117672355,40.7817800307167
"547",-73.9903890316903,40.761141359155
"548",-73.9731638529412,40.7640654593837
"549",-74.0012515,40.7341521428572
"550",-73.9806887222223,40.7798837727273
"551",-73.9738298380953,40.7843192507937
"552",-73.9800324198895,40.7859872569061
"553",-73.9558475932643,40.7820694352331
"554",-73.9574967195122,40.7769222621951
"555",-73.9989562850678,40.7341584411765
"556",-74.011365245614,40.7153473964912
"557",-73.9836511782946,40.7555249844961
"558",-73.9979840942761,40.7140758821549
"559",-73.9525514448979,40.7663604285714
"560",-73.955139629723,40.7733453526449
"561",-73.9541711381215,40.7814486850829
"562",-74.006979873494,40.7036868072289
"563",-73.9656098228438,40.7629505850815
"564",-74.0020961806283,40.7151581178011
"565",-73.9802154916667,40.7805651375
"566",-74.0019457576471,40.7404807858824
"567",-73.9971815675676,40.7572926
"568",-73.9779141548387,40.7645902129032
"569",-73.9854298306452,40.7385555241936
"570",-73.9728368291457,40.7646039698492
"571",-73.975177980198,40.7611625874587
"572",-73.9469855952381,40.5880337380952
"573",-73.9889265965347,40.7434148613861
"574",-73.9766077584098,40.7591155565749
"575",-73.9785811621622,40.7450444166667
"576",-73.9749465243552,40.7550993925502
"577",-73.97972,40.7641635824176
"578",-73.9718651176471,40.6304668529412
"579",-74.0147770683593,40.7173170195313
"580",-73.9843904769737,40.7326043289474
"581",-73.9706000328768,40.7618583452055
"582",-74.0087138558558,40.7328663333333
"583",-73.9547258308703,40.765609499179
"584",-73.9868998964143,40.7395795976096
"585",-73.9566854080339,40.7668028900634
"586",-74.0053573816794,40.739719610687
"587",-73.9603870676156,40.7978694341637
"588",-74.0008374979757,40.737099680162
"589",-73.9795826641221,40.757828259542
"590",-72.7593815,49.237245
"591",-74.0052855082873,40.7092526906077
"592",-73.9961066705337,40.7383686774942
"593",-73.9922125471699,40.7591146352201
"594",-73.996278682243,40.7483481121495
"595",-73.9918901633665,40.7261686056106
"596",-73.9924443401015,40.7345386751269
"597",-74.0092437839506,40.7260346419753
"598",-73.9921951700405,40.7425848663968
"599",-73.9691708560606,40.7584566780303
"600",-73.9563656718147,40.7756093861004
"601",-73.9534120641892,40.7796016790541
"602",-73.9971111690141,40.742094056338
"603",-73.9837382008639,40.7605320950324
"604",-73.9680700017094,40.7652749367522
"605",-74.0050115833333,40.7446182083333
"606",-73.9599769127517,40.7621698859061
"607",-73.9102603207547,40.7709690880503
"608",-73.9772583413462,40.7630575480769
"609",-73.9867951758242,40.7453457335165
"610",-73.9685493421052,40.7914996131579
"611",-73.9528882009569,40.7832089377991
"612",-73.7885401535649,40.6417760420475
"613",-74.0077282222223,40.742909124183
"614",-73.9782186683673,40.7295244413266
"615",-73.9848672655738,40.7640335311476
"616",-73.9684261219512,40.750543358885
"617",-73.9564695865725,40.7714437597173
"618",-73.9838232089553,40.7527562338309
"619",-73.9818127083334,40.7564765541667
"620",-73.9959873133159,40.726548772846
"621",-73.989592621469,40.7260960734463
"622",-73.9904771788618,40.7402655474255
"623",-73.9620444022436,40.7764587580128
"624",-73.9894311153846,40.7498507692307
"625",-73.9751167592593,40.7443604444445
"626",-73.9682698583619,40.7679384778157
"627",-73.9860676768061,40.7553877908746
"628",-73.9955680629068,40.7596486659436
"629",-73.977532550505,40.7791283989898
"630",-73.9899918716216,40.7572977612612
"631",-73.9805120835735,40.7648171239193
"632",-73.9857180900473,40.7441013317535
"633",-74.0066691954887,40.7440513784461
"634",-74.578028,40.4080262758621
"635",-73.9782545539419,40.7729392448132
"636",-73.9805550541667,40.783114425
"637",-73.9814916292907,40.7470932196796
"638",-73.9889467470818,40.7411896498054
"639",-73.9941519588477,40.7285987572016
"640",-73.9791725654008,40.7558425126582
"641",-73.9461217104677,40.7774019153675
"642",-73.9745199005102,40.7623092882653
"643",-73.9728722408377,40.7503801465969
"644",-73.9721394624505,40.7497900553359
"645",-73.9759329055118,40.7539116929134
"646",-73.99308115625,40.7511038333333
"647",-73.9710228258929,40.7601144241071
"648",-74.0033274369747,40.7438051260504
"649",-73.9883023961539,40.7748192615385
"650",-73.9852582769954,40.7446089483568
"651",-73.9700119803921,40.7972346127451
"652",-73.9527324603175,40.7783009523809
"653",-73.9827994946809,40.7657592234043
"654",-73.9882685391305,40.7616342608696
"655",-73.962675716763,40.7697820289017
"656",-74.0085079585254,40.7203823087557
"657",-73.9815574883721,40.7497270465116
"658",-74.005147617347,40.7514759030612
"659",-73.9977277643505,40.7208089758308
"660",-73.9628482305195,40.7725353116883
"661",-73.9658003386243,40.7584723412699
"662",-73.9821542401434,40.7697178064516
"663",-73.9844774664178,40.7426448078358
"664",-74.0020216058632,40.7245899153095
"665",-73.9665991435768,40.7615953098237
"666",-73.9966563054054,40.7631850621622
"667",-74.0063076278409,40.7359416676137
"668",-74.00495575,40.7430076875
"669",-73.9848389508196,40.7452342827869
"670",-73.971330459893,40.7628102673797
"671",-73.9962971666667,40.7403008157895
"672",-73.9900578150685,40.7518529452055
"673",-74.0056373004925,40.7256257610837
"674",-74.0051493385714,40.7232699085714
"675",-73.9587470426829,40.7809622520326
"676",-73.9925782780749,40.7398894705882
"677",-73.9989908196346,40.7248792260274
"678",-74.000619825967,40.7474282430939
"679",-73.7246944920635,40.7355101746032
"680",-73.960036561194,40.7792170985075
"681",-73.9574708735632,40.7683541609195
"682",-73.9923528778761,40.7308816159292
"683",-73.9462802203948,40.7846548157895
"684",-73.965329410891,40.7592908960396
"685",-73.9641246440678,40.7586425932203
"686",-73.9980123458646,40.7227319849624
"687",-73.981469440678,40.7634231242938
"688",-73.9741120070423,40.7431088521127
"689",-73.9804532290909,40.7483594945455
"690",-73.9209488699634,40.7429383992674
"691",-73.9655924575164,40.7715088496732
"692",-73.9489976672535,40.7772508961268
"693",-73.9611262411924,40.7651765582656
"694",-73.991553288,40.755970596
"695",-74.0122357906977,40.7195244418605
"696",-73.9559844948097,40.763935349481
"697",-73.9834474303279,40.74964325
"698",-73.996370227528,40.7533727387641
"699",-73.9829569052632,40.7460361894737
"700",-73.9772672335026,40.7585666294416
"701",-73.8665611601942,40.7710207160194
"702",-73.9820387165355,40.7281529291338
"703",-73.9743500600707,40.7595857349823
"704",-73.9735311445782,40.752332286747
"705",-73.9998129468085,40.7584816170213
"706",-73.9799650132743,40.7549964004425
"707",-73.9754512771318,40.7496939186047
"708",-73.9434126356164,40.7887075671233
"709",-73.9828902135416,40.7600727604166
"710",-73.991539481081,40.7469112594595
"711",-73.9636135863636,40.7683562136364
"712",-73.8589834166667,40.830484375
"713",-73.9677151,40.75879492
"714",-73.9926949605912,40.7583366477832
"715",-73.962995787037,40.7625169537037
"716",-74.0079184545454,40.7051863564594
"717",-73.9659033275861,40.7654300270936
"718",-73.9574041976744,40.7701685348837
"719",-73.9831700560472,40.7626305014749
"720",-73.9670281604477,40.7567241697761
"721",-73.9319647658228,40.812775721519
"722",-73.9914697146893,40.7321198135594
"723",-73.9735367904762,40.7870914857143
"724",-73.9927757617449,40.7221692550335
"725",-73.9623604285715,40.7609755238095
"726",-73.9200828525179,40.7600474496403
"727",-73.972339512987,40.7636736233766
"728",-73.9812468445378,40.7374130112045
"729",-73.9642074509346,40.7677041915888
"730",-73.7789518709677,40.646953311828
"731",-73.9828543984674,40.7771919042146
"732",-73.9695930843373,40.7603541036145
"733",-73.9773972350876,40.6814743461988
"734",-73.9937141716667,40.741616065
"735",-74.0108663035714,40.6277193571429
"736",-73.9750229508197,40.7600836994536
"737",-74.0000782415254,40.7184176800847
"738",-73.9749756187291,40.7325328227424
"739",-73.98757747351,40.7384739337748
"740",-73.992028184066,40.7540719972527
"741",-73.9784441395349,40.7519978604651
"742",-73.813845160584,40.694778919708
"743",-73.9721893707094,40.7864512631579
"744",-73.9897491985646,40.7674901626794
"745",-73.9822408482142,40.7556490208334
"746",-73.9873730741687,40.7445742352941
"747",-74.0014001039861,40.7309146117851
"748",-74.0170425102639,40.7089361524927
"749",-73.9918548201343,40.750055966443
"750",-73.9681913143418,40.7554587308448
"751",-73.9702370119047,40.7580449672619
"752",-73.9817734132762,40.7682926059958
"753",-73.9980355207668,40.7508690191694
"754",-73.9501313132183,40.7966353764368
"755",-73.9781613068783,40.7485877195768
"756",-74.0033544003437,40.7232539347079
"757",-73.96664328169,40.8043266682316
"758",-74.0155695553436,40.7144532633587
"759",-73.95071233853,40.7831305211581
"760",-73.9889943407408,40.7365325303704
"761",-73.9848324248366,40.7692998366013
"762",-73.9682625087719,40.7572584035088
"763",-73.9568744576271,40.7707093661017
"764",-73.9955060416667,40.7465399375
"765",-73.9822671637427,40.7739130760234
"766",-73.9752533898305,40.7509974745763
"767",-73.9729570845589,40.7854442022059
"768",-73.978885816092,40.7534472605364
"769",-73.9856915509553,40.7679511178344
"770",-73.9950072254902,40.72081475
"771",-73.9752614068627,40.7414539411765
"772",-74.0078236848138,40.7318739226361
"773",-73.9896789490291,40.7416382597087
"774",-73.9781844890511,40.7501936131387
"775",-74.0026479076724,40.7338727451235
"776",-73.9596830939225,40.6615592430939
"777",-73.991009431694,40.7609846065574
"778",-73.9533052555555,40.7675457740741
"779",-73.9776187639344,40.7840976819672
"780",-74.007947743662,40.7234344225352
"781",-74.005851703854,40.717609346856
"782",-73.9823196004619,40.7622779330254
"783",-73.9592487613636,40.7633860719697
"784",-74.006726257732,40.7424909690722
"785",-74.0120705555556,40.7235963333333
"786",-73.9954468932038,40.7364210776699
"787",-74.0093890057803,40.7301430751445
"788",-73.8658224619164,40.7709113710074
"789",-73.9922038183452,40.7490093003597
"790",-74.0088541528497,40.7042615544042
"791",-74.0055505649351,40.726766961039
"792",-73.9831968159204,40.754529721393
"793",-73.9747865642633,40.7586424733543
"794",-73.9800057931034,40.7489953534483
"795",-73.9707405320333,40.7559009888579
"796",-73.9936873333333,40.7328461368421
"797",-73.9859278677687,40.7567708787879
"798",-74.0048666111111,40.7375169358974
"799",-73.9606921098901,40.7613078608059
"800",-74.0017668165137,40.7470257385321
"801",-73.9929137065868,40.7410346586826
"802",-73.9802959842696,40.7242070764045
"803",-73.9896623643835,40.7472162767123
"804",-73.9954760165485,40.7392211016549
"805",-73.9781398154614,40.7531643516209
"806",-73.9788027253012,40.7264864144579
"807",-73.9603805673077,40.7661290320513
"808",-73.9889188785311,40.7531127316384
"809",-73.979060516854,40.7502381404494
"810",-74.0057986068548,40.7403173487903
"811",-73.9946680588235,40.7658496380091
"812",-73.9534993398437,40.7854648085937
"813",-73.9871448638393,40.7505304821428
"814",-73.9868026863905,40.7367915502959
"815",-73.9784151442007,40.7666148777429
"816",-73.9537838650307,40.7820767423313
"817",-73.9762057371133,40.7656448505155
"818",-73.9874217272727,40.7562786787879
"819",-73.9541795278811,40.7640582249071
"820",-73.9466834666667,40.7449993952381
"821",-73.9667360812182,40.757399713198
"822",-74.0070086763485,40.7416212738589
"823",-73.9986271621622,40.7452328494209
"824",-73.9811786995306,40.7652101924883
"825",-73.9863160260586,40.7463448436482
"826",-73.9753616811595,40.7579699623189
"827",-73.9697577979094,40.7899288606272
"828",-73.9714128333333,40.7875736238095
"829",-73.9738795901639,40.7552393344262
"830",-73.9787345940054,40.7507970681198
"831",-73.9973842618297,40.7294820410094
"832",-73.953940832853,40.7668813025936
"833",-73.9883156060606,40.7591920769231
"834",-74.0086001480362,40.7171954501511
"835",-73.9731419947644,40.7553187382199
"836",-73.9964508194726,40.7237064482759
"837",-73.9595806882592,40.7769563441296
"838",-73.9774893349514,40.7518366092233
"839",-73.9848854408061,40.7241319093199
"840",-73.9760673404255,40.7569086702127
"841",-73.9720015028681,40.7943575602294
"842",-73.9904250521327,40.756697042654
"843",-73.961662,405.14999
"844",-73.96907146875,40.7540685913462
"845",-73.9738128540773,40.7580492188841
"846",-73.9832189046053,40.7445762236842
"847",-73.9753598864629,40.7455801222707
"848",-73.9518008142077,40.7663329071038
"849",-73.962991112,40.77802182
"850",-73.9698795,40.7506610197368
"851",-73.9816457525774,40.7645377113402
"852",-73.9889289238095,40.7215184666667
"853",-73.9582169947368,40.7648686763158
"854",-73.9547978430107,40.769555232258
"855",-73.9878413211845,40.760010428246
"856",-73.9810330161725,40.7591356469003
"857",-73.9816908754325,40.7800518477509
"858",-73.9747568465472,40.7880416445013
"859",-73.9855723874092,40.7472132058111
"860",-73.9794526959707,40.7715256593407
"861",-73.9995324278215,40.7336655748032
"862",-73.9946661764706,40.7190173529412
"863",-73.9512201394659,40.7781346824926
"864",-73.9866939753521,40.7666758521127
"865",-73.9996842962963,40.7489094285714
"866",-73.95716918,40.7830855444445
"867",-73.9956294165171,40.7695462944345
"868",-73.9539507939189,40.7846977094594
"869",-74.0029589531569,40.7605525417516
"870",-73.9874632061856,40.722506185567
"871",-73.9714779367682,40.7508178946136
"872",-73.9789184425837,40.7407079186603
"873",-73.9802468860759,40.7501186075949
"874",-73.9781203506493,40.7513222683983
"875",-73.982095600639,40.7779057316294
"876",-73.9885105936255,40.7641590996016
"877",-73.9751852777778,40.7526444040404
"878",-73.9916315062034,40.7547276079405
"879",-73.9750634230769,40.756603599359
"880",-73.9754831207729,40.7592703381642
"881",-73.9767296482939,40.7504444829396
"882",-73.9860193772609,40.7266945400517
"883",-73.9854705661157,40.7632283119834
"884",-73.9787825167785,40.7651219328859
"885",-73.9814672076677,40.7619485367412
"886",-73.384445,31.2813935
"887",-73.9909647048832,40.7453464458599
"888",-73.9828553519553,40.7579095530726
"889",-73.9979363702623,40.7260226793003
"890",-73.9851465354331,40.7584983989502
"891",-73.9792603513513,40.7471054369369
"892",-73.9164568490566,40.8283727735849
"893",-73.9296590774907,40.7450382546125
"894",-73.9962137971275,40.7324587522441
"895",-73.9494435311778,40.7849190715935
"896",-73.955081446875,40.7801310187501
"897",-74.0046315363128,40.7420370977654
"898",-73.9695705255813,40.7491027023256
"899",-73.993352949807,40.7573573899614
"900",-73.96206094,40.763797445
"901",-73.9976728299492,40.7243831142132
"902",-73.9904770913044,40.7753127652174
"903",-73.9863587128572,40.7402193671429
"904",-73.9882351985815,40.7458925106383
"905",-73.9850096758105,40.7362009925187
"906",-74.0031280494234,40.7269470329489
"907",-73.9736039295454,40.748069
"908",-73.9872370052632,40.7389592368421
"909",-73.9474699401993,40.7712140166113
"910",-73.9908613980583,40.7529801456311
"911",-73.9763747978723,40.7578515904255
"912",-73.98921159375,40.750864375
"913",-73.9658289239131,40.7606861086957
"914",-73.979440264151,40.7523981725068
"915",-73.9930613223684,40.738693118421
"916",-73.982054973077,40.7719840884615
"917",-73.9454184504021,40.7745689919571
"918",-74.0058781572581,40.7064340080646
"919",-73.9709189166667,40.7515877785088
"920",-73.983688290429,40.7655172805281
"921",-73.9705322886905,40.7887742767857
"922",-74.0063301052632,40.73763275
"923",-74.0034569638889,40.7328639527778
"924",-73.9854396400911,40.7415086287016
"925",-73.9905874738878,40.7368807485493
"926",-73.9953210958904,40.7337553150685
"927",-73.9806264440678,40.7632318135593
"928",-73.9908479453552,40.7347557358835
"929",-74.0149958928572,40.7044591919643
"930",-74.00195105,40.7091336375
"931",-74.0012071513513,40.7570501243243
"932",-73.9759677560975,40.7405180487805
"933",-73.9851100977443,40.7739198195489
"934",-73.9821879178885,40.7574256920821
"935",-73.9987582952381,40.7548173666667
"936",-73.9880723319149,40.7647719659574
"937",-73.9479213225806,40.7900026379929
"938",-73.9556185259166,40.7795349013906
"939",-73.9639619693252,40.7613460552147
"940",-73.9221076978417,40.7707795779376
"941",-73.86079444,40.75531116
"942",-73.9833840502513,40.7471880502512
"943",-73.9796880853659,40.7463280609756
"944",-74.0001004753363,40.7347885515695
"945",-73.9699861795665,40.7997443126935
"946",-73.9547461274363,40.7892527211394
"947",-73.9789306826923,40.7365614230769
"948",-74.0068129790997,40.7304779340836
"949",-73.9599754969697,40.7705420545455
"950",-73.9766562836539,40.7906549375
"951",-73.9797386931217,40.7590764867725
"952",-73.9958108782384,40.7643392202073
"953",-73.9639592764228,40.8082416260163
"954",-73.9746794446952,40.7558723544018
"955",-73.9262694225352,40.687998056338
"956",-73.9829799269103,40.7477746710963
"957",-73.9937918612441,40.7465568995215
"958",-73.952057063882,40.7775263071253
"959",-73.9805197052023,40.7541059653179
"960",-73.9946620021836,40.7503572718341
"961",-73.9651377406417,40.7693510534759
"962",-73.9673534924731,40.7664476924731
"963",-73.9863873791665,40.7772052125
"964",-73.9565185886525,40.778204216312
"965",-73.9878638361858,40.7323792811736
"966",-73.9778906519945,40.7523076918844
"967",-74.0041906886447,40.7477618076923
"968",-73.9785865907173,40.7587306666667
"969",-74.0026508248473,40.7282958248473
"970",-73.8644983467154,40.7708919343066
"971",-73.9925477044855,40.7484791372031
"972",-73.9567847330827,40.7750213082707
"973",-73.9956209424461,40.7287441654676
"974",-73.9818028793103,40.743543837931
"975",-73.9841171905595,40.7549048024476
"976",-73.9685411897018,40.7590211273713
"977",-73.9402880150602,40.7927323192771
"978",-73.9923580702948,40.743656170068
"979",-73.9830462012579,40.7817755283019
"980",-73.9771923676815,40.7522003981265
"981",-74.0014171814159,40.7462280884956
"982",-73.9848242362204,40.7604320629921
"983",-73.9675865960912,40.7602951335505
"984",-73.994913007874,40.7276500590551
"985",-73.952889742515,40.7681502754491
"986",-73.9805804472049,40.7599746583851
"987",-73.9722406782609,40.7434847826087
"988",-73.9665516075581,40.7674646773256
"989",-74.0042751795774,40.7423481232394
"990",-73.966508407767,40.7597877669903
"991",-73.9868208053097,40.7426654955752
"992",-73.9447293961353,40.7940003140097
"993",-73.9909619711538,40.7397441185898
"994",-73.9611254534883,40.7690351604651
"995",-73.9527260952381,40.7865168140589
"996",-73.9926532105264,40.7430123128655
"997",-74.0041356587838,40.7378743513514
"998",-73.9633578344371,40.7636946821192
"999",-73.9804365974843,40.7701339748428
"1000",-73.9944537069893,40.7318837258064
"1001",-73.9871359868853,40.7759562557377
"1002",-73.9727167062256,40.7560690019455
"1003",-73.9833236266667,40.7811365866667
"1004",-74.0036166653061,40.7386068979592
"1005",-73.9486469815498,40.7739056457565
"1006",-74.0136702121212,40.709550739394
"1007",-73.975901,41.0284707857143
"1008",-73.9614861754386,40.7566532606516
"1009",-73.9868981376518,40.7254422226721
"1010",-73.987379092,40.768637304
"1011",-73.9943117722772,40.7540430990099
"1012",-74.0047817298578,40.7467970900474
"1013",-73.9907217593306,40.7561962612612
"1014",-73.9587388844222,40.7723683517588
"1015",-73.9876421575492,40.7497156105033
"1016",-73.9900907786886,40.7378516065574
"1017",-73.9981259255584,40.7649227543425
"1018",-73.9936778834951,40.7620753009709
"1019",-73.8794034074074,40.7569787037037
"1020",-74.0159401721573,40.7111045887354
"1021",-73.9512881282051,40.751869051282
"1022",-73.93746335625,40.70319856875
"1023",-74.0100712036317,40.7206411374838
"1024",-73.9850744972067,40.7792958882681
"1025",-73.9933003802817,40.7525311915493
"1026",-73.983841,43.1000005
"1027",-74.0000146375838,40.7430710044743
"1028",-73.9910201323876,40.7503978510638
"1029",-73.9944200217391,40.7481454347826
"1030",-73.977480852381,40.7338475904762
"1031",-73.9808022159624,40.7607505680751
"1032",-73.9773724040921,40.7873474731458
"1033",-73.9815672613334,40.7785424453333
"1034",-73.9554448654546,40.7768778145455
"1035",-73.965834563591,40.7543090798005
"1036",-74.0134205705883,40.7044924588235
"1037",-73.9560014858758,40.7788688644068
"1038",-74.0153652048193,40.7084704337349
"1039",-77.436947,36.6896725
"1040",-73.9983021871345,40.7404045058479
"1041",-73.9890795130434,40.7740747304348
"1042",-73.9842255571429,40.7698028523809
"1043",-73.9998034585492,40.726866253886
"1044",-73.9877402127659,40.7375925390071
"1045",-73.9747812134146,40.7419811321139
"1046",-73.9614873486238,40.7742088119266
"1047",-73.9841626595744,40.7597129680851
"1048",-73.9660524655172,40.7949590387931
"1049",-73.9851604086021,40.7190041612903
"1050",-73.9952925878789,40.7497538545454
"1051",-73.9911857002801,40.7552803641457
"1052",-73.9769838571429,40.7849008626374
"1053",-73.9988063636364,40.732165280303
"1054",-73.9928384213197,40.7241751218274
"1055",-73.9647605447369,40.8070872815789
"1056",-73.9771255253165,40.7607196708861
"1057",-73.9727917209302,40.7600141488372
"1058",-73.9893139033334,40.75647496
"1059",-73.9561686568627,40.7738329313726
"1060",-73.9773862114285,40.7496351971428
"1061",-74.0082890460048,40.7145124987894
"1062",-73.997051,40.7195491587302
"1063",-73.9802894949748,40.7455202336684
"1064",-74.014588602459,40.7139942356557
"1065",-73.990344968912,40.7288483212435
"1066",-73.9807029235881,40.750918833887
"1067",-73.9835912336449,40.7736262383178
"1068",-73.9999947174447,40.7329910810811
"1069",-73.9700479554974,40.7596119581152
"1070",-73.9737854615384,40.7515679205955
"1071",-73.9633285847457,40.7717990762712
"1072",-73.9667615101215,40.7727518097166
"1073",-73.9458927060932,40.832786483871
"1074",-73.9883097719299,40.7235245824561
"1075",-73.9732746666667,40.7609784701754
"1076",-74.0038689743589,40.7419704322344
"1077",-73.9975714329268,40.7335040304878
"1078",-74.0050909161372,40.7195129377383
"1079",-73.957999952381,40.7686464126984
"1080",-73.9835724135021,40.7411842489452
"1081",-73.9943709543796,40.7458821240876
"1082",-73.9543752596685,40.8049352071823
"1083",-73.9926259036145,40.7550766927711
"1084",-73.9928368967972,40.7529435160142
"1085",-74.0071574874214,40.728640663522
"1086",-73.9842459218107,40.7372885370371
"1087",-74.14933725,40.89506925
"1088",-73.9841770100334,40.7752355016723
"1089",-73.9572664785478,40.7743397689769
"1090",-73.89634848,40.66395052
"1091",-73.9943667951128,40.734992637218
"1092",-73.9878970738916,40.7212296453202
"1093",-73.9876811307506,40.7198543002421
"1094",-73.9707000024876,40.7836306865672
"1095",-73.9970587663551,40.7238964485981
"1096",-73.99871665625,40.7347802017045
"1097",-73.9607100989011,40.7757381904762
"1098",-73.9692169124237,40.7576171283095
"1099",-73.9697975819673,40.7853770163935
"1100",-73.9664494373983,40.7646506747968
"1101",-73.9520854609572,40.7843227556675
"1102",-74.0058685084746,40.7452849548022
"1103",-73.9797141690544,40.7351772234957
"1104",-73.9709774339623,40.748470672956
"1105",-73.9935807078651,40.7520397387641
"1106",-73.9994752621951,40.7541704756097
"1107",-73.9868558068669,40.7541679613734
"1108",-73.9589173672839,40.7749437037037
"1109",-73.9613156918767,40.7717181232493
"1110",-73.9827676739999,40.742319776
"1111",-73.9734282583586,40.7437907446809
"1112",-73.9940713499418,40.7511847391558
"1113",-73.9929074221556,40.7631461287425
"1114",-73.9856254036697,40.7576724105505
"1115",-73.9712481156186,40.7552401541583
"1116",-73.9900457969543,40.7191014847715
"1117",-73.9766242919708,40.7622609927007
"1118",-73.9740112276424,40.7573107100271
"1119",-73.9545418707866,40.7840128483146
"1120",-73.99005867658,40.7409028921933
"1121",-73.9550134574469,40.7792504361702
"1122",-73.9914038843773,40.7501163292145
"1123",-73.9870017631579,40.7642194122807
"1124",-73.9914551460447,40.7447777403651
"1125",-73.9536890276497,40.7709426543779
"1126",-73.9978098119534,40.7564193833819
"1127",-73.9663076920904,40.7580562542373
"1128",-73.964790319209,40.7918403361582
"1129",-74.0000806460481,40.7304789793815
"1130",-73.9658895384616,40.774084194332
"1131",-73.9747474624698,40.7534866949152
"1132",-73.9795502289156,40.766217626506
"1133",-73.9756964838709,40.7548028306452
"1134",-73.9815741195653,40.7599014130435
"1135",-73.9704682901235,40.7549536666667
"1136",-73.9820963787879,40.7730841136363
"1137",-74.0060009247788,40.7144920044248
"1138",-74.0018942,40.7429919714286
"1139",-73.9541784926471,40.7662049044118
"1140",-73.9729173448276,40.7625004433498
"1141",-74.0007188496042,40.7420412717678
"1142",-74.0071007480916,40.7347049618321
"1143",-73.9879921125001,40.716166775
"1144",-73.9894735669782,40.7587451433022
"1145",-73.9972698755981,40.7366455478469
"1146",-73.7832999150943,40.6465907924528
"1147",-73.9995948960395,40.7385586361386
"1148",-73.8698893052632,40.7722514210527
"1149",-73.9943710654546,40.7611800763636
"1150",-73.9549766065573,40.7775046844262
"1151",-73.9752798128655,40.761835116959
"1152",-73.9763454661017,40.7858780677966
"1153",-73.9527964381188,40.7723345866336
"1154",-73.9467164982332,40.8017605936396
"1155",-73.9787270480769,40.7477693076923
"1156",-73.982185755,40.7457845925
"1157",-73.9726496736402,40.7468659372385
"1158",-73.9890128129032,40.7772847354839
"1159",-73.9801587782102,40.7618725019455
"1160",-74.0055852515528,40.7409463540372
"1161",-74.0074315634921,40.7331854246032
"1162",-73.9385169834123,40.7980668364929
"1163",-73.99176492,40.7441537094737
"1164",-73.9785678396947,40.7633030610687
"1165",-73.9954798616852,40.7250090429253
"1166",-73.9392769537037,40.8055934481482
"1167",-73.9741555908046,40.7628088643678
"1168",-74.0023581938776,40.7480740102041
"1169",-73.9763177721518,40.7598177088607
"1170",-73.9770445723906,40.7432917575757
"1171",-73.9894772289157,40.7628932931727
"1172",-73.9876883387097,40.7653780362903
"1173",-73.9461441278539,40.7811997351599
"1174",-73.9573456598837,40.8012459098837
"1175",-73.9885366721698,40.7274679905661
"1176",-73.9882920588234,40.7491303046218
"1177",-73.9838458145161,40.7705675080645
"1178",-73.9881388927203,40.748267770115
"1179",-74.0022336402438,40.730370804878
"1180",-73.9956205957447,40.7166750496454
"1181",-74.0082668910569,40.7385187317073
"1182",-73.9946358555556,40.7526127555556
"1183",-73.964813319307,40.763965480198
"1184",-74.0114203033708,40.7136744831461
"1185",-73.9755144157303,40.7869342247191
"1186",-74.0051925333333,40.7287727971014
"1187",-74.0803238,40.7369350666667
"1188",-74.0089611285714,40.7160452657142
"1189",-74.0091798396226,40.7108025597485
"1190",-73.9864302914692,40.7343347914692
"1191",-73.9846765583333,40.7684378416667
"1192",-73.9606273095823,40.7697105208845
"1193",-73.9658061916168,40.7683965658682
"1194",-73.9823282238372,40.7515622180232
"1195",-73.9585280344828,40.7688095714286
"1196",-73.987168255,40.76606982
"1197",-73.9811872954545,40.7503353295454
"1198",-73.98108616,40.7710613133334
"1199",-73.9956732809523,40.7491119714286
"1200",-73.9835043510638,40.7385126170213
"1201",-73.9528486862746,40.8106142745098
"1202",-73.9779262281879,40.7420642080537
"1203",-74.0497972954545,40.8001824090909
"1204",-73.9843040660378,40.7672363018868
"1205",-73.9712765839416,40.7651891751825
"1206",-73.9901280082644,40.7560664495868
"1207",-73.9724028875598,40.756726992823
"1208",-74.0015713932584,40.7564452865168
"1209",-74.0055362191781,40.7458435616439
"1210",-73.9988907311558,40.7197779170854
"1211",-73.9741538181819,40.754163630854
"1212",-73.9960936094674,40.7216017337278
"1213",-73.9540315277778,40.7729510833333
"1214",-73.9933868201439,40.7555564820144
"1215",-73.9717809714285,40.7920271657143
"1216",-73.9938547136259,40.7270316120092
"1217",-74.0087786770187,40.7346037515528
"1218",-73.9791848547216,40.7849512881356
"1219",-73.9821557239264,40.7539741779141
"1220",-73.9780378507936,40.7629128761905
"1221",-73.9584747407407,40.7756279320988
"1222",-73.9936347076923,40.7454077794872
"1223",-73.9865973865031,40.7414077055215
"1224",-73.9820319253112,40.749057439834
"1225",-73.983473631579,40.7502228095238
"1226",-73.962180732049,40.7676373397548
"1227",-73.7766992324044,40.6454283995601
"1228",-73.9702739192307,40.7940875192308
"1229",-73.9729577220001,40.752964458
"1230",-73.9819163908629,40.7836382538071
"1231",-74.0076106261061,40.7255811880531
"1232",-73.9517586992481,40.7737143270677
"1233",-73.9692845108695,40.7524641195652
"1234",-73.9775653083624,40.7532621602788
"1235",-74.0072328705036,40.7097869280575
"1236",-73.9945389951807,40.740435973494
"1237",-73.9844051679104,40.7797458395523
"1238",-73.9651772469734,40.7552941404359
"1239",-73.98382965,40.7467136318182
"1240",-74.0000657112069,40.7377344827586
"1241",-74.0065920031746,40.7394614857143
"1242",-74.0101009715447,40.721272703252
"1243",-73.9448851908257,40.7792582752294
"1244",-73.9840463187773,40.7463155240175
"1245",-73.9827387731482,40.7617059861112
"1246",-73.9883884311926,40.7397508440367
"1247",-73.9831098906666,40.7667859146666
"1248",-73.9918674428572,40.7353922885714
"1249",-73.9950005133859,40.7399332881889
"1250",-73.9798157477204,40.7811629331307
"1251",-73.9623058099688,40.763049
"1252",-73.9845236334519,40.7572744021352
"1253",-73.9909650702248,40.7659150814607
"1254",-73.9762627894736,40.7482412445821
"1255",-73.9809624022989,40.7144484712644
"1256",-74.0023211468926,40.7505148587571
"1257",-73.9737763703704,40.7374405740741
"1258",-73.9713213381295,40.7535511007194
"1259",-73.9827213101852,40.7591548796297
"1260",-73.9463242944882,40.7729374346457
"1261",1.51301567635455,42.0309983636364
"1262",-73.7839650339539,40.6488882606791
"1263",-73.99534025,40.7426224166666
"1264",-73.9722562278912,40.7623186020408
"1265",-74.0007400657568,40.7579500880893
"1266",-74.0092391406728,40.70632382263
"1267",-73.9694717430167,40.7622863184357
"1268",-73.9715816359833,40.7619011589958
"1269",-73.9681794242424,40.762297479798
"1270",-73.9545903643411,40.7639919767442
"1271",-73.9659708077803,40.7900421189932
"1272",-73.96277193379,40.7667779246575
"1273",-74.0083250114942,40.7362342586207
"1274",-73.9895205714286,40.6869024920635
"1275",-73.9839989578947,40.7804148
"1276",-74.0177066967213,40.7049225819672
"1277",-73.9922279347408,40.7377351170825
"1278",-73.9581919047619,40.7788748214286
"1279",-73.9907750455696,40.7305796126583
"1280",-74.0015849,40.7392798777778
"1281",-73.9684658025,40.7991175175
"1282",-73.9887597875647,40.7553926062176
"1283",-73.947594125,40.7793853095238
"1284",-74.0045394924243,40.7302559090909
"1285",-73.9878969095022,40.7382183122172
"1286",-73.9795873757962,40.7514415987261
"1287",-73.9992416075,40.7281993625
"1288",-73.9982103027027,40.7172532594595
"1289",-73.9885943987538,40.7224961152648
"1290",-73.9876965077605,40.7412201463415
"1291",-73.9378508368794,40.7506814893617
"1292",-74.0072979704641,40.7272927848101
"1293",-73.95365,40.769392375
"1294",-73.9717548788732,40.7544874816902
"1295",-73.9834474019292,40.7439445241157
"1296",-73.9785496328502,40.756561557971
"1297",-74.0012168084415,40.7361474285714
"1298",-73.9905008130842,40.7419867850467
"1299",-73.9687211403509,40.7631665204678
"1300",-73.9930123160494,40.7427537925926
"1301",-73.9903843636364,40.7512833090909
"1302",-73.9922474874715,40.7251599430524
"1303",-73.9884211555556,40.7255289777778
"1304",-73.9936136474227,40.735994457732
"1305",-73.9731667473233,40.7928424068522
"1306",-73.9757006989247,40.735835827957
"1307",-73.9935827181819,40.7213848363637
"1308",-73.982491864811,40.7690413041749
"1309",-73.9738949861111,40.739914875
"1310",-73.9842757596899,40.7290439276486
"1311",-73.9872515364239,40.7554543421634
"1312",-73.9548795555556,40.767337
"1313",-73.9775763181818,40.7381944338843
"1314",-73.9563130038461,40.7814856153846
"1315",-73.9649110141643,40.759939184136
"1316",-73.9741148853211,40.7531319862385
"1317",-74.0062693419812,40.7339496745283
"1318",-73.9891864264706,40.7421597389706
"1319",-73.972626034358,40.7591312694394
"1320",-74.0800753461538,40.6699385192308
"1321",-73.9326333943662,40.7999597042254
"1322",-73.9834650454546,40.7679810023924
"1323",-73.9578704320988,40.7695360432099
"1324",-73.9943654636871,40.7389564916201
"1325",-73.9799617492538,40.7838756925374
"1326",-73.9676243805555,40.7560942861111
"1327",-73.9945720758755,40.7255287996109
"1328",-73.9867129527778,40.7511782638889
"1329",-73.9761200925926,40.7629298425926
"1330",-73.986617495283,40.7615350448114
"1331",-73.9734529117647,40.7636320847751
"1332",-74.009289016791,40.7132330391791
"1333",-73.9809846690647,40.7641866786571
"1334",-73.9841371836734,40.7491665238095
"1335",-73.9991514756097,40.7598829512195
"1336",-74.0113426125,40.708844125
"1337",-74.0022535180724,40.7294486698795
"1338",-73.9885747225131,40.6931041570681
"1339",-74.0072995378151,40.7435616764706
"1340",-73.9811276762589,40.6918140575539
"1341",-73.9892371818181,40.7303073939394
"1342",-73.9693744154413,40.7636677261029
"1343",-73.9585273180328,40.7602071213115
"1344",-73.9539865009635,40.778851734104
"1345",-73.9879794496487,40.7185868665106
"1346",-73.976822675,40.7650236321429
"1347",-73.9727030521472,40.7960118282209
"1348",-73.8630867669903,40.7307652621359
"1349",-73.9612524404762,40.7668113809524
"1350",-73.9753734394213,40.7556821735985
"1351",-73.9883410989848,40.7540081497462
"1352",-73.9754455099337,40.7284920066225
"1353",-73.9870132559242,40.7207533696682
"1354",-73.967718989071,40.7714780491803
"1355",-73.990303739726,40.7316205034247
"1356",-73.9993061099476,40.7441573115183
"1357",-73.9938678742138,40.7204467861635
"1358",-73.9623327201646,40.7790058127572
"1359",-74.0150295971014,40.7096406260869
"1360",-73.9855228356165,40.746286130137
"1361",-73.985351375,45.589583625
"1362",-73.9811035368957,40.7532425318066
"1363",-73.9518314275001,40.7695308875
"1364",-73.9848400076923,40.7470858461538
"1365",-73.97071776,40.7642474745455
"1366",-73.9930983284672,40.7677372481752
"1367",-73.9744774162437,40.7422625786802
"1368",-73.9932467869823,40.7297658698225
"1369",-74.0036351275167,40.7485638120806
"1370",-73.9751869314286,40.7652302742857
"1371",-73.9971381839863,40.7223132657581
"1372",-73.9843652764977,40.7457851843318
"1373",-73.8627342033709,40.7690212910112
"1374",-73.9917755699209,40.7384748522427
"1375",-73.9720542657808,40.7587295215947
"1376",-73.9868394143303,40.7715401152648
"1377",-73.9672169166667,40.7883578914141
"1378",-74.0056481782179,40.7484580660066
"1379",-73.9616725964125,40.764443941704
"1380",-73.9538208724832,40.7434949932886
"1381",-73.9859065143404,40.740836709369
"1382",-73.9898420402009,40.7342797252931
"1383",-73.9412559477124,40.8455118213508
"1384",-73.8208454772728,40.7616701136364
"1385",-73.9869863724832,40.7592734194631
"1386",-73.9990202178571,40.7395964392857
"1387",-73.9282850216346,40.7642746057692
"1388",-74.002274148248,40.7192887789757
"1389",-73.9778554764398,40.7620180052356
"1390",-73.9601079562044,40.7755102627738
"1391",-73.9818626061538,40.7522725661539
"1392",-73.9862559236453,40.7623775812808
"1393",-73.9769455392157,40.7189990490196
"1394",-73.7865095825544,40.6413409392524
"1395",-73.968108072,40.759705852
"1396",-73.9566557485714,40.7629706057143
"1397",-73.9846088034682,40.7398363034683
"1398",-73.9720740688936,40.7596638079332
"1399",-74.0003576575342,40.7237623561644
"1400",-73.9773712920354,40.7538628731563
"1401",-73.9814457713718,40.7327535467197
"1402",-73.9856765566667,40.7784224466667
"1403",-73.8637281056339,40.7698325528169
"1404",-74.01088610625,40.7168972875
"1405",-73.996705955414,40.7254549713375
"1406",-73.9603501793893,40.7620050534351
"1407",-736.5,40.740517
"1408",-73.9806238783784,40.7564693310811
"1409",-74.0044639768786,40.7517857745665
"1410",-73.8985368557692,40.7615911490385
"1411",-73.9668938322982,40.7698047018634
"1412",-73.9933890346232,40.7472172668024
"1413",-73.9832296895238,40.7610681676191
"1414",-74.0033197179487,40.7064503076923
"1415",-73.9541667932099,40.7703417098765
"1416",-73.8023711,40.6067337
"1417",-73.9631684075342,40.7988537431507
"1418",-73.989280010352,40.7577847660455
"1419",-73.9821306014851,40.7766738391089
"1420",-73.9729673522727,40.7444515568182
"1421",-73.9561273608446,40.7845106026872
"1422",-73.957145525,40.764455225
"1423",-73.9597872826087,40.7644787826087
"1424",-73.9640511035714,40.7736875928572
"1425",-74.0068963235295,40.7190715392157
"1426",-74.0010308201439,40.7518704748202
"1427",-73.8885729927007,40.7485994452555
"1428",-73.9688126903227,40.7643967677419
"1429",-73.9822731074074,40.7638019
"1430",-73.9908212157676,40.750926713693
"1431",-73.9640873951368,40.7569726200608
"1432",-73.9898752352185,40.7566791850901
"1433",-73.97678606,40.754637812
"1434",-73.99351386,40.71816767
"1435",-73.9941548439716,40.7410646028369
"1436",-73.9737962857143,40.7503981863354
"1437",-73.9826465145349,40.745174505814
"1438",-74.003759630597,40.7134133246268
"1439",-73.9714022710526,40.7637379210526
"1440",-73.988880195294,40.7450284517647
"1441",-73.9549998969466,40.7859926030535
"1442",-73.9552335,40.7631765714286
"1443",-73.9822635766095,40.7684381142339
"1444",-74.0045902298682,40.7214578081991
"1445",-73.9704394690265,40.7523858525074
"1446",-73.9905448686869,40.7589305555555
"1447",-73.9719718971061,40.7578336109325
"1448",-73.9567063853212,40.7682323302752
"1449",-73.9685916807095,40.7548369223947
"1450",-73.9827151033435,40.7716870425532
"1451",-73.9798968908628,40.7433571827411
"1452",-73.992589875,40.7565350364584
"1453",-73.9957529925234,40.7440569925234
"1454",-73.9785935660919,40.777500341954
"1455",-73.9851551586538,40.7616022644231
"1456",-73.9873804477826,40.7290935693848
"1457",-74.0004776449275,40.7583609800725
"1458",-73.982770401099,40.7568306016483
"1459",-73.9864140430108,40.7381279462366
"1460",-73.9645230153453,40.7560655780051
"1461",-73.9801150232558,40.7779756589147
"1462",-73.9588066739131,40.8099286467391
"1463",-73.9836489777015,40.726032728988
"1464",-74.0129779259259,40.7063385596708
"1465",-73.9570127772727,40.7775327227273
"1466",-73.9609696770187,40.7778974751553
"1467",-73.9824204830246,40.7314562314815
"1468",-74.0064560247525,40.7446119554456
"1469",-73.9886109274005,40.7312895199063
"1470",-73.9794663824562,40.7495534280702
"1471",-74.0390652941176,40.7247518627451
"1472",-74.0118895085324,40.7074762491468
"1473",-73.9897329239332,40.7354694953618
"1474",-73.987945320442,40.747292961326
"1475",-73.9539907439613,40.7875253188406
"1476",-73.9778587760736,40.7547259079755
"1477",-73.9927094005934,40.7683962700297
"1478",-73.9860675389611,40.7520626601732
"1479",-73.990225957265,40.7505020854701
"1480",-73.9729898653422,40.7584853642384
"1481",-73.9900593146067,40.744083505618
"1482",-73.9977585806452,40.7462765017921
"1483",-73.9910605540839,40.7335219977925
"1484",-73.9794089052632,40.7631300491228
"1485",-73.9912794980843,40.7603188467433
"1486",-73.7950193446328,40.6645737909604
"1487",-73.9657150231579,40.8056350294737
"1488",-73.9768826872964,40.7474053224755
"1489",-73.9895660385542,40.7524711493976
"1490",-73.9111923020833,40.7442843697917
"1491",-73.9905399006024,40.7459871596386
"1492",-73.983776745283,40.7620463962264
"1493",-74.0071253829201,40.7054845867769
"1494",-73.9916758904109,40.759712349315
"1495",-73.9590887272727,40.7692990779221
"1496",-74.0044801746032,40.7405976190476
"1497",-73.9939578958786,40.7515250412147
"1498",-73.9873639102564,40.753074525641
"1499",-73.9783636297873,40.7831649297872
"1500",-73.9872158062158,40.7332728592322
